1,0
2,0
3,0
4,0
5,0
6,0
7,0
8,0
9,40.13
10,49.38
11,150.86
12,984.3
13,454.6
14,162.76
15,460.78
16,298.02
17,0
18,0
19,0
20,0
21,0
22,0
23,0
24,0
25,0
26,0
27,0
28,0
29,0
30,0
31,0
32,0
33,44.77
34,398.43
35,353.14
36,194.5
37,406
38,275.31
39,296.92
40,49.96
41,0
42,0
43,0
44,0
45,0
46,0
47,0
48,0
49,0
50,0
51,0
52,0
53,0
54,0
55,0
56,0
57,273.9
58,49.71
59,145.26
60,187.38
61,195.9
62,304.23
63,261.73
64,170.07
65,0
66,0
67,0
68,0
69,0
70,0
71,0
72,0
73,0
74,0
75,0
76,0
77,0
78,0
79,0
80,0
81,67.54
82,106.51
83,336.97
84,406.71
85,1216.91
86,568.48
87,735.68
88,226.9
89,0
90,0
91,0
92,0
93,0
94,0
95,0
96,0
97,0
98,0
99,0
100,0
101,0
102,0
103,0
104,0
105,48.19
106,153.26
107,30.44
108,241.58
109,126.46
110,87.69
111,64.97
112,32.04
113,0
114,0
115,0
116,0
117,0
118,0
119,0
120,0
121,0
122,0
123,0
124,0
125,0
126,0
127,0
128,0
129,42.34
130,89.48
131,88.87
132,120.36
133,130.96
134,109.16
135,85.78
136,70.1
137,0
138,0
139,0
140,0
141,0
142,0
143,0
144,0
145,0
146,0
147,0
148,0
149,0
150,0
151,0
152,0
153,23.54
154,97.98
155,101.84
156,122.3
157,139.44
158,139.27
159,195.68
160,112.17
161,0
162,0
163,0
164,0
165,0
166,0
167,0
168,0
169,0
170,0
171,0
172,0
173,0
174,0
175,0
176,0
177,44.02
178,96.49
179,106.73
180,176.53
181,298.19
182,1521.28
183,80.04
184,117.16
185,0
186,0
187,0
188,0
189,0
190,0
191,0
192,0
193,0
194,0
195,0
196,0
197,0
198,0
199,0
200,0
201,100.13
202,219.97
203,227.34
204,499.7
205,875.97
206,345.5
207,1134.3
208,222.98
209,0
210,0
211,0
212,0
213,0
214,0
215,0
216,0
217,0
218,0
219,0
220,0
221,0
222,0
223,0
224,0
225,117.66
226,175.54
227,204.57
228,284.5
229,290.02
230,240.78
231,114.37
232,71.87
233,0
234,0
235,0
236,0
237,0
238,0
239,0
240,0
241,0
242,0
243,0
244,0
245,0
246,0
247,0
248,0
249,188.23
250,191.46
251,276.14
252,283.29
253,311.69
254,500.28
255,603.03
256,313.89
257,0
258,0
259,0
260,0
261,0
262,0
263,0
264,0
265,0
266,0
267,0
268,0
269,0
270,0
271,0
272,0
273,68.75
274,94.81
275,302.25
276,52.69
277,125.41
278,95.3
279,33.48
280,133.47
281,0
282,0
283,0
284,0
285,0
286,0
287,0
288,0
289,0
290,0
291,0
292,0
293,0
294,0
295,0
296,0
297,125.36
298,193.67
299,280.39
300,356.4
301,440.14
302,367.8
303,200.96
304,324.99
305,0
306,0
307,0
308,0
309,0
310,0
311,0
312,0
313,0
314,0
315,0
316,0
317,0
318,0
319,0
320,0
321,309.53
322,970.8
323,1701.29
324,1592.6
325,1857.56
326,433.62
327,262.03
328,134.49
329,0
330,0
331,0
332,0
333,0
334,0
335,0
336,0
337,0
338,0
339,0
340,0
341,0
342,0
343,0
344,0
345,51.75
346,138.91
347,104.47
348,150.31
349,106.7
350,66.96
351,64.97
352,89.7
353,0
354,0
355,0
356,0
357,0
358,0
359,0
360,0
361,0
362,0
363,0
364,0
365,0
366,0
367,0
368,0
369,547.28
370,695.93
371,1738.3
372,1666.38
373,1975.39
374,1082.25
375,652.27
376,200.07
377,0
378,0
379,0
380,0
381,0
382,0
383,0
384,0
385,0
386,0
387,0
388,0
389,0
390,0
391,0
392,0
393,473.97
394,310.83
395,355.76
396,1547.7
397,1299.16
398,435.5
399,903.32
400,968.82
401,1.46
402,0
403,0
404,0
405,0
406,0
407,0
408,0
409,0
410,0
411,0
412,0
413,0
414,0
415,0
416,0
417,338.18
418,746
419,1647.69
420,1284.23
421,854.8
422,1363.5
423,696.27
424,897.25
425,1.44
426,0
427,0
428,0
429,0
430,0
431,0
432,0
433,0
434,0
435,0
436,0
437,0
438,0
439,0
440,0
441,792.67
442,1363.5
443,1839.32
444,2081.95
445,2088.44
446,1914.09
447,1544.61
448,1020.76
449,3.48
450,0
451,0
452,0
453,0
454,0
455,0
456,0
457,0
458,0
459,0
460,0
461,0
462,0
463,0
464,0
465,175.81
466,428.41
467,470.19
468,349.44
469,1999.26
470,1021.34
471,240.01
472,83.88
473,0.39
474,0
475,0
476,0
477,0
478,0
479,0
480,0
481,0
482,0
483,0
484,0
485,0
486,0
487,0
488,0
489,319.39
490,887.45
491,201.78
492,322.84
493,232.03
494,251.3
495,140.35
496,95.28
497,0
498,0
499,0
500,0
501,0
502,0
503,0
504,0
505,0
506,0
507,0
508,0
509,0
510,0
511,0
512,0
513,73.97
514,110.01
515,91.11
516,124.45
517,62.85
518,133.36
519,133.89
520,49.96
521,0
522,0
523,0
524,0
525,0
526,0
527,0
528,0
529,0
530,0
531,0
532,0
533,0
534,0
535,0
536,0
537,283.45
538,143.33
539,1889.91
540,265.95
541,1374.09
542,1896.92
543,1544.66
544,1033.48
545,1.38
546,0
547,0
548,0
549,0
550,0
551,0
552,0
553,0
554,0
555,0
556,0
557,0
558,0
559,0
560,0
561,492.6
562,557.77
563,1399.18
564,807.3
565,1941.16
566,220.86
567,146.11
568,31.63
569,0
570,0
571,0
572,0
573,0
574,0
575,0
576,0
577,0
578,0
579,0
580,0
581,0
582,0
583,0
584,0
585,477.67
586,1496.97
587,1953.45
588,1223.81
589,596.27
590,573.33
591,525.59
592,114.9
593,0.5
594,0
595,0
596,0
597,0
598,0
599,0
600,0
601,0
602,0
603,0
604,0
605,0
606,0
607,0
608,0
609,720.77
610,1384.94
611,1417.32
612,1409.56
613,1497.38
614,834.79
615,529.2
616,139.63
617,24.81
618,0
619,0
620,0
621,0
622,0
623,0
624,0
625,0
626,0
627,0
628,0
629,0
630,0
631,0
632,0
633,29.89
634,370.39
635,1254.42
636,1284.56
637,1500.67
638,874.51
639,545.65
640,958.8
641,9.66
642,0
643,0
644,0
645,0
646,0
647,0
648,0
649,0
650,0
651,0
652,0
653,0
654,0
655,0
656,0
657,76.31
658,230.54
659,317.43
660,218.87
661,580.62
662,390.57
663,56.33
664,41.26
665,0
666,0
667,0
668,0
669,0
670,0
671,0
672,0
673,0
674,0
675,0
676,0
677,0
678,0
679,0
680,0
681,754.83
682,1380.99
683,1814.18
684,2074.47
685,2091.94
686,1839.57
687,1248.71
688,799.46
689,21.97
690,0
691,0
692,0
693,0
694,0
695,0
696,0
697,0
698,0
699,0
700,0
701,0
702,0
703,0
704,0
705,30.83
706,45.32
707,140.54
708,104.88
709,739.07
710,416.68
711,455.37
712,298.69
713,6.82
714,0
715,0
716,0
717,0
718,0
719,0
720,0
721,0
722,0
723,0
724,0
725,0
726,0
727,0
728,0
729,339.76
730,919.6
731,1656.22
732,1072.34
733,520.01
734,423.83
735,1309.92
736,528.46
737,0
738,0
739,0
740,0
741,0
742,0
743,0
744,0
745,0
746,0
747,0
748,0
749,0
750,0
751,0
752,0
753,22.08
754,98.86
755,94.75
756,169.11
757,491.06
758,179.87
759,274.07
760,96.63
761,0
762,0
763,0
764,0
765,0
766,0
767,0
768,0
769,0
770,0
771,0
772,0
773,0
774,0
775,0
776,0
777,209.1
778,331.61
779,44.71
780,218.62
781,192.37
782,320.77
783,35.47
784,16.86
785,0
786,0
787,0
788,0
789,0
790,0
791,0
792,0
793,0
794,0
795,0
796,0
797,0
798,0
799,0
800,0
801,331.48
802,987.72
803,1601.66
804,1913.56
805,2061.39
806,1920.99
807,1514.11
808,1062.16
809,376.19
810,0
811,0
812,0
813,0
814,0
815,0
816,0
817,0
818,0
819,0
820,0
821,0
822,0
823,0
824,0
825,29.75
826,346.49
827,295.38
828,380.05
829,258.14
830,500.19
831,615.76
832,483.91
833,144.57
834,0
835,0
836,0
837,0
838,0
839,0
840,0
841,0
842,0
843,0
844,0
845,0
846,0
847,0
848,0
849,183.35
850,80.65
851,798.55
852,1359.77
853,1748.52
854,952.26
855,460.29
856,674.52
857,177.47
858,0
859,0
860,0
861,0
862,0
863,0
864,0
865,0
866,0
867,0
868,0
869,0
870,0
871,0
872,0
873,5.63
874,38.28
875,323.42
876,329.21
877,74.74
878,788.61
879,84.24
880,276.19
881,160.14
882,0
883,0
884,0
885,0
886,0
887,0
888,0
889,0
890,0
891,0
892,0
893,0
894,0
895,0
896,0
897,894.49
898,1066.22
899,1877.1
900,1213.85
901,2173.36
902,2042.95
903,428.74
904,526.86
905,279.26
906,0
907,0
908,0
909,0
910,0
911,0
912,0
913,0
914,0
915,0
916,0
917,0
918,0
919,0
920,0
921,295.76
922,382.56
923,1109.19
924,882.7
925,937.13
926,455.95
927,350.58
928,277.21
929,83.93
930,0
931,0
932,0
933,0
934,0
935,0
936,0
937,0
938,0
939,0
940,0
941,0
942,0
943,0
944,0
945,324.55
946,207.83
947,339.37
948,401.83
949,332.08
950,735.98
951,363.08
952,86.17
953,41.43
954,0
955,0
956,0
957,0
958,0
959,0
960,0
961,0
962,0
963,0
964,0
965,0
966,0
967,0
968,0
969,250.08
970,508.28
971,780.86
972,1068.53
973,721.85
974,542.31
975,395.89
976,172.75
977,78.88
978,0
979,0
980,0
981,0
982,0
983,0
984,0
985,0
986,0
987,0
988,0
989,0
990,0
991,0
992,0
993,98.15
994,159.97
995,246.8
996,485.32
997,690.08
998,389.93
999,374.61
1000,159.25
1001,78.36
1002,0
1003,0
1004,0
1005,0
1006,0
1007,0
1008,0
1009,0
1010,0
1011,0
1012,0
1013,0
1014,0
1015,0
1016,0
1017,49.07
1018,209.01
1019,206.12
1020,197.01
1021,192.62
1022,70.46
1023,110.46
1024,411.82
1025,216.08
1026,0
1027,0
1028,0
1029,0
1030,0
1031,0
1032,0
1033,0
1034,0
1035,0
1036,0
1037,0
1038,0
1039,0
1040,0
1041,462.27
1042,438.81
1043,661.93
1044,540.6
1045,357.72
1046,812.46
1047,935.92
1048,417.59
1049,145.4
1050,0
1051,0
1052,0
1053,0
1054,0
1055,0
1056,0
1057,0
1058,0
1059,0
1060,0
1061,0
1062,0
1063,0
1064,1.08
1065,720.08
1066,1434.01
1067,1973.37
1068,2104.39
1069,2212.61
1070,2101.41
1071,936.25
1072,714.12
1073,341.85
1074,0
1075,0
1076,0
1077,0
1078,0
1079,0
1080,0
1081,0
1082,0
1083,0
1084,0
1085,0
1086,0
1087,0
1088,3.2
1089,106.62
1090,1486.32
1091,1906.75
1092,2077.7
1093,2111.87
1094,1862.56
1095,276.14
1096,683.46
1097,48.19
1098,0
1099,0
1100,0
1101,0
1102,0
1103,0
1104,0
1105,0
1106,0
1107,0
1108,0
1109,0
1110,0
1111,0
1112,0
1113,234.71
1114,435.22
1115,680.15
1116,605.96
1117,699.05
1118,327.45
1119,504.25
1120,1134.06
1121,117.58
1122,0
1123,0
1124,0
1125,0
1126,0
1127,0
1128,0
1129,0
1130,0
1131,0
1132,0
1133,0
1134,0
1135,0
1136,16.45
1137,634.55
1138,1410.66
1139,1929.1
1140,2066.33
1141,2043.15
1142,2007.35
1143,1697.57
1144,1261.95
1145,580.98
1146,0
1147,0
1148,0
1149,0
1150,0
1151,0
1152,0
1153,0
1154,0
1155,0
1156,0
1157,0
1158,0
1159,0
1160,0
1161,27.19
1162,212.3
1163,403.84
1164,303.16
1165,385.49
1166,1464.81
1167,1348.54
1168,1190.97
1169,148.43
1170,0
1171,0
1172,0
1173,0
1174,0
1175,0
1176,0
1177,0
1178,0
1179,0
1180,0
1181,0
1182,0
1183,0
1184,19.57
1185,254.28
1186,1113.96
1187,1819.42
1188,1967.66
1189,2070.41
1190,1957.7
1191,1593.46
1192,1222.05
1193,600.66
1194,0
1195,0
1196,0
1197,0
1198,0
1199,0
1200,0
1201,0
1202,0
1203,0
1204,0
1205,0
1206,0
1207,0
1208,0.86
1209,697.45
1210,1565.25
1211,1954.8
1212,1823.84
1213,2026.86
1214,2026.09
1215,1740.1
1216,1283.4
1217,147.96
1218,0
1219,0
1220,0
1221,0
1222,0
1223,0
1224,0
1225,0
1226,0
1227,0
1228,0
1229,0
1230,0
1231,0
1232,26.91
1233,736.2
1234,1500.34
1235,2013.86
1236,2186.89
1237,2254.17
1238,796.51
1239,1118.05
1240,1331.73
1241,91.69
1242,0
1243,0
1244,0
1245,0
1246,0
1247,0
1248,0
1249,0
1250,0
1251,0
1252,0
1253,0
1254,0
1255,0
1256,4.14
1257,26.88
1258,657.13
1259,1527.8
1260,1079.74
1261,712
1262,391.7
1263,559.73
1264,141.48
1265,174.98
1266,0
1267,0
1268,0
1269,0
1270,0
1271,0
1272,0
1273,0
1274,0
1275,0
1276,0
1277,0
1278,0
1279,0
1280,8.09
1281,153.62
1282,509.66
1283,1856.57
1284,1665.91
1285,2144.46
1286,1997.83
1287,1680.48
1288,1118.24
1289,516.12
1290,0
1291,0
1292,0
1293,0
1294,0
1295,0
1296,0
1297,0
1298,0
1299,0
1300,0
1301,0
1302,0
1303,0
1304,54.59
1305,721.88
1306,1460.87
1307,1941.44
1308,2119.51
1309,2157
1310,2009
1311,1710.07
1312,1205.43
1313,585.34
1314,0
1315,0
1316,0
1317,0
1318,0
1319,0
1320,0
1321,0
1322,0
1323,0
1324,0
1325,0
1326,0
1327,0
1328,81.14
1329,853.09
1330,1524.21
1331,1979.89
1332,2122.69
1333,2145.93
1334,2027.41
1335,1710.04
1336,1202.39
1337,676.42
1338,0
1339,0
1340,0
1341,0
1342,0
1343,0
1344,0
1345,0
1346,0
1347,0
1348,0
1349,0
1350,0
1351,0
1352,245.28
1353,776.39
1354,1436.77
1355,1849.31
1356,2061.39
1357,2116.75
1358,1991.92
1359,1158.73
1360,46.12
1361,48.44
1362,0
1363,0
1364,0
1365,0
1366,0
1367,0
1368,0
1369,0
1370,0
1371,0
1372,0
1373,0
1374,0
1375,0
1376,31.6
1377,105.76
1378,231.21
1379,689.23
1380,572.73
1381,808.02
1382,1146.78
1383,1595.91
1384,924.74
1385,535.19
1386,0
1387,0
1388,0
1389,0
1390,0
1391,0
1392,0
1393,0
1394,0
1395,0
1396,0
1397,0
1398,0
1399,0
1400,419.24
1401,1068.04
1402,1631.88
1403,2008.26
1404,2158.02
1405,2107.62
1406,1998.74
1407,1736.62
1408,1270.18
1409,633.39
1410,4.42
1411,0
1412,0
1413,0
1414,0
1415,0
1416,0
1417,0
1418,0
1419,0
1420,0
1421,0
1422,0
1423,0
1424,405.78
1425,1070.25
1426,1621.69
1427,1987.28
1428,2172.75
1429,2086.12
1430,2028.46
1431,1730.05
1432,1251.72
1433,625.53
1434,6.73
1435,0
1436,0
1437,0
1438,0
1439,0
1440,0
1441,0
1442,0
1443,0
1444,0
1445,0
1446,0
1447,0
1448,120.75
1449,898.74
1450,1348.07
1451,1898.27
1452,2016.07
1453,2136.35
1454,1803.25
1455,834.21
1456,259.91
1457,195.68
1458,1.21
1459,0
1460,0
1461,0
1462,0
1463,0
1464,0
1465,0
1466,0
1467,0
1468,0
1469,0
1470,0
1471,0
1472,78.36
1473,215.56
1474,317.48
1475,498.98
1476,497.13
1477,638.8
1478,663.89
1479,663.92
1480,847.9
1481,166.07
1482,0
1483,0
1484,0
1485,0
1486,0
1487,0
1488,0
1489,0
1490,0
1491,0
1492,0
1493,0
1494,0
1495,0
1496,414.06
1497,1017.28
1498,1555.01
1499,1810.53
1500,0
1501,1794.91
1502,1622.96
1503,1119.32
1504,442.95
1505,533.76
1506,9.38
1507,0
1508,0
1509,0
1510,0
1511,0
1512,0
1513,0
1514,0
1515,0
1516,0
1517,0
1518,0
1519,0
1520,59.56
1521,121.58
1522,115.2
1523,91.99
1524,100.3
1525,99.77
1526,193.92
1527,229.52
1528,120.86
1529,122.9
1530,4.66
1531,0
1532,0
1533,0
1534,0
1535,0
1536,0
1537,0
1538,0
1539,0
1540,0
1541,0
1542,0
1543,0
1544,478.92
1545,1110.76
1546,1683.02
1547,2065.42
1548,2233.59
1549,2063.13
1550,2043.86
1551,1739.19
1552,1277.47
1553,709.79
1554,21.14
1555,0
1556,0
1557,0
1558,0
1559,0
1560,0
1561,0
1562,0
1563,0
1564,0
1565,0
1566,0
1567,0
1568,276.03
1569,504.89
1570,195.19
1571,116.97
1572,381.32
1573,1743.41
1574,717.85
1575,486.81
1576,677.72
1577,319.69
1578,31.6
1579,0
1580,0
1581,0
1582,0
1583,0
1584,0
1585,0
1586,0
1587,0
1588,0
1589,0
1590,0
1591,0
1592,105.76
1593,317.29
1594,331.34
1595,412.84
1596,514.13
1597,2241.92
1598,981.32
1599,412.9
1600,695.05
1601,481.9
1602,83.38
1603,0
1604,0
1605,0
1606,0
1607,0
1608,0
1609,0
1610,0
1611,0
1612,0
1613,0
1614,0
1615,0
1616,505.83
1617,1241.5
1618,1782.44
1619,2174.33
1620,2353.89
1621,2372.85
1622,2215.26
1623,1906.39
1624,1410.5
1625,738.74
1626,87.41
1627,0
1628,0
1629,0
1630,0
1631,0
1632,0
1633,0
1634,0
1635,0
1636,0
1637,0
1638,0
1639,0
1640,560.97
1641,1263.17
1642,1379.59
1643,2137.48
1644,2217.03
1645,2235.41
1646,2084.55
1647,1501.58
1648,1275.78
1649,481.7
1650,78.52
1651,0
1652,0
1653,0
1654,0
1655,0
1656,0
1657,0
1658,0
1659,0
1660,0
1661,0
1662,0
1663,0
1664,12.61
1665,231.78
1666,1002.21
1667,660.47
1668,598.15
1669,887.42
1670,580.1
1671,673.33
1672,494.15
1673,237.36
1674,4.17
1675,0
1676,0
1677,0
1678,0
1679,0
1680,0
1681,0
1682,0
1683,0
1684,0
1685,0
1686,0
1687,0
1688,552.63
1689,528.46
1690,1523.27
1691,1556.03
1692,919.69
1693,2040.66
1694,2213.33
1695,1894.02
1696,829.88
1697,62.76
1698,110.21
1699,0
1700,0
1701,0
1702,0
1703,0
1704,0
1705,0
1706,0
1707,0
1708,0
1709,0
1710,0
1711,0
1712,22.36
1713,597.68
1714,167.81
1715,101.1
1716,168.97
1717,113.16
1718,88.32
1719,107.06
1720,384.83
1721,630.99
1722,111.28
1723,0
1724,0
1725,0
1726,0
1727,0
1728,0
1729,0
1730,0
1731,0
1732,0
1733,0
1734,0
1735,0
1736,613.88
1737,941.88
1738,1021.59
1739,2093.05
1740,1992.83
1741,1378.32
1742,1967.33
1743,1350.14
1744,683.21
1745,524.73
1746,79.65
1747,0
1748,0
1749,0
1750,0
1751,0
1752,0
1753,0
1754,0
1755,0
1756,0
1757,0
1758,0
1759,0
1760,248.76
1761,282.24
1762,326.34
1763,133
1764,132.59
1765,153.48
1766,333.33
1767,304.07
1768,423.91
1769,187.16
1770,51.34
1771,0
1772,0
1773,0
1774,0
1775,0
1776,0
1777,0
1778,0
1779,0
1780,0
1781,0
1782,0
1783,0
1784,239.93
1785,1100.36
1786,523.16
1787,1320.08
1788,2210.68
1789,995.56
1790,812.79
1791,180.2
1792,224.11
1793,164.33
1794,56.64
1795,0
1796,0
1797,0
1798,0
1799,0
1800,0
1801,0
1802,0
1803,0
1804,0
1805,0
1806,0
1807,0
1808,404.48
1809,449.63
1810,511.46
1811,848.56
1812,318.28
1813,158.98
1814,367.96
1815,673.25
1816,125.64
1817,347.7
1818,134.8
1819,0
1820,0
1821,0
1822,0
1823,0
1824,0
1825,0
1826,0
1827,0
1828,0
1829,0
1830,0
1831,0
1832,252.95
1833,383.45
1834,386.29
1835,642.45
1836,343.12
1837,324.82
1838,260.05
1839,159.06
1840,1107.89
1841,215.06
1842,79.96
1843,0
1844,0
1845,0
1846,0
1847,0
1848,0
1849,0
1850,0
1851,0
1852,0
1853,0
1854,0
1855,0
1856,98.39
1857,308.04
1858,171.31
1859,322.04
1860,535.16
1861,1606.38
1862,1438.54
1863,508.67
1864,558.6
1865,324.85
1866,87.3
1867,0
1868,0
1869,0
1870,0
1871,0
1872,0
1873,0
1874,0
1875,0
1876,0
1877,0
1878,0
1879,2.13
1880,689.14
1881,1446.38
1882,2013.56
1883,2391.48
1884,2521.23
1885,2102.29
1886,1882.46
1887,1514.77
1888,1397.5
1889,808.51
1890,153.59
1891,0
1892,0
1893,0
1894,0
1895,0
1896,0
1897,0
1898,0
1899,0
1900,0
1901,0
1902,0
1903,1.05
1904,661.85
1905,1405.28
1906,1911.99
1907,1360.02
1908,1542.56
1909,550.98
1910,2296.4
1911,411.79
1912,184.95
1913,98.61
1914,24.34
1915,0
1916,0
1917,0
1918,0
1919,0
1920,0
1921,0
1922,0
1923,0
1924,0
1925,0
1926,0
1927,0
1928,219.34
1929,292.37
1930,531.96
1931,684.15
1932,1810.31
1933,1854.69
1934,1082.11
1935,588.35
1936,637.67
1937,454.1
1938,109.08
1939,0
1940,0
1941,0
1942,0
1943,0
1944,0
1945,0
1946,0
1947,0
1948,0
1949,0
1950,0
1951,17.77
1952,722.51
1953,1401.45
1954,1907.02
1955,2240.37
1956,2381.6
1957,2401.59
1958,2233.23
1959,1908.98
1960,1431.34
1961,781.14
1962,154.73
1963,0
1964,0
1965,0
1966,0
1967,0
1968,0
1969,0
1970,0
1971,0
1972,0
1973,0
1974,0
1975,24.78
1976,720.58
1977,1383.31
1978,1839.73
1979,2144.44
1980,2277.58
1981,2311.47
1982,2158.21
1983,1857.81
1984,1396.26
1985,749.06
1986,148.49
1987,0
1988,0
1989,0
1990,0
1991,0
1992,0
1993,0
1994,0
1995,0
1996,0
1997,0
1998,0
1999,0
2000,671.37
2001,1310.61
2002,1817.63
2003,1938.79
2004,1557.36
2005,1460.84
2006,796.23
2007,628.95
2008,1204.91
2009,612.39
2010,130.02
2011,0
2012,0
2013,0
2014,0
2015,0
2016,0
2017,0
2018,0
2019,0
2020,0
2021,0
2022,0
2023,8.58
2024,226.65
2025,895.7
2026,1667.4
2027,1926.54
2028,2211.15
2029,2278.71
2030,1449.99
2031,1063.98
2032,649.95
2033,311.49
2034,43.94
2035,0
2036,0
2037,0
2038,0
2039,0
2040,0
2041,0
2042,0
2043,0
2044,0
2045,0
2046,0
2047,43.72
2048,729.39
2049,1383.37
2050,1850
2051,2193.34
2052,2366.23
2053,2422.37
2054,2204.69
2055,1872.66
2056,1442.1
2057,784.42
2058,158.98
2059,0
2060,0
2061,0
2062,0
2063,0
2064,0
2065,0
2066,0
2067,0
2068,0
2069,0
2070,0
2071,93.7
2072,753.12
2073,1401
2074,1858.23
2075,2141.82
2076,2297.23
2077,2329.03
2078,2126.75
2079,1824.99
2080,1378.04
2081,763.11
2082,156.93
2083,0
2084,0
2085,0
2086,0
2087,0
2088,0
2089,0
2090,0
2091,0
2092,0
2093,0
2094,0
2095,105.16
2096,735.02
2097,1342.02
2098,1813.38
2099,2092.99
2100,2262.15
2101,2259.89
2102,2121.42
2103,1790.58
2104,1318.76
2105,740.67
2106,156.57
2107,0
2108,0
2109,0
2110,0
2111,0
2112,0
2113,0
2114,0
2115,0
2116,0
2117,0
2118,0
2119,124.64
2120,755.47
2121,1370.15
2122,1821.16
2123,2098.46
2124,2245.89
2125,2230.71
2126,2075.3
2127,1776.34
2128,1313.29
2129,747.38
2130,159.03
2131,0
2132,0
2133,0
2134,0
2135,0
2136,0
2137,0
2138,0
2139,0
2140,0
2141,0
2142,0
2143,134.41
2144,761.1
2145,1339.54
2146,1809.81
2147,2093.05
2148,2258.92
2149,2222.35
2150,2093.38
2151,1761.96
2152,1300.76
2153,738.71
2154,157.73
2155,0
2156,0
2157,0
2158,0
2159,0
2160,0
2161,0
2162,0
2163,0
2164,0
2165,0
2166,0
2167,132.7
2168,739.38
2169,1308.99
2170,1769.52
2171,2039.34
2172,2181.61
2173,2155.78
2174,2035.2
2175,1726.32
2176,1279.51
2177,732.34
2178,162.7
2179,0
2180,0
2181,0
2182,0
2183,0
2184,0
2185,0
2186,0
2187,0
2188,0
2189,0
2190,0
2191,141.2
2192,724.14
2193,1284.31
2194,1726.38
2195,2021.04
2196,2227.6
2197,2234.08
2198,2074.11
2199,1709.24
2200,1208.52
2201,653.1
2202,159.33
2203,0
2204,0
2205,0
2206,0
2207,0
2208,0
2209,0
2210,0
2211,0
2212,0
2213,0
2214,0
2215,161.6
2216,792.73
2217,1419.99
2218,1467.93
2219,1990.87
2220,2322.35
2221,2351.6
2222,2322.26
2223,1958.8
2224,1426.75
2225,812.9
2226,178.35
2227,0
2228,0
2229,0
2230,0
2231,0
2232,0
2233,0
2234,0
2235,0
2236,0
2237,0
2238,0
2239,173.02
2240,824.91
2241,1453.17
2242,1937.27
2243,2241.67
2244,2414.64
2245,2380.56
2246,2243.33
2247,1899.35
2248,1396.62
2249,795.13
2250,176.92
2251,0
2252,0
2253,0
2254,0
2255,0
2256,0
2257,0
2258,0
2259,0
2260,0
2261,0
2262,0
2263,171.98
2264,796.67
2265,1322.79
2266,1676.92
2267,2109.61
2268,2283.57
2269,2288.9
2270,1813.18
2271,1495.81
2272,1348.62
2273,773.85
2274,167.15
2275,0
2276,0
2277,0
2278,0
2279,0
2280,0
2281,0
2282,0
2283,0
2284,0
2285,0
2286,0
2287,146.97
2288,863.36
2289,1502.88
2290,1817.79
2291,2300.21
2292,2412.27
2293,1344.06
2294,1325.74
2295,693.97
2296,1147.41
2297,663.97
2298,189.69
2299,0
2300,0
2301,0
2302,0
2303,0
2304,0
2305,0
2306,0
2307,0
2308,0
2309,0
2310,0
2311,71.7
2312,301.97
2313,724.75
2314,1616.61
2315,1877.55
2316,2408.27
2317,2441.39
2318,2296.93
2319,1944.09
2320,1450.52
2321,827.39
2322,185.8
2323,0
2324,0
2325,0
2326,0
2327,0
2328,0
2329,0
2330,0
2331,0
2332,0
2333,0
2334,0
2335,210.67
2336,877.76
2337,1479.64
2338,1932.03
2339,2240.13
2340,2415.5
2341,2384.86
2342,2202.01
2343,1872.85
2344,1365.1
2345,788.64
2346,184.53
2347,0
2348,0
2349,0
2350,0
2351,0
2352,0
2353,0
2354,0
2355,0
2356,0
2357,0
2358,0
2359,199.8
2360,798.83
2361,822.12
2362,1239.35
2363,1941.47
2364,1358.61
2365,1193.64
2366,1824.33
2367,1024.32
2368,543.64
2369,372.66
2370,40.46
2371,0
2372,0
2373,0
2374,0
2375,0
2376,0
2377,0
2378,0
2379,0
2380,0
2381,0
2382,0
2383,179.76
2384,629.56
2385,592.77
2386,1561.03
2387,1827.23
2388,2163.07
2389,913.53
2390,792.92
2391,838.27
2392,471.49
2393,190.77
2394,163.06
2395,0
2396,0
2397,0
2398,0
2399,0
2400,0
2401,0
2402,0
2403,0
2404,0
2405,0
2406,0
2407,94.17
2408,78.33
2409,317.98
2410,339.92
2411,427.91
2412,135.41
2413,163.39
2414,239.82
2415,236.28
2416,130.77
2417,73.11
2418,25.81
2419,0
2420,0
2421,0
2422,0
2423,0
2424,0
2425,0
2426,0
2427,0
2428,0
2429,0
2430,0
2431,111.31
2432,453.14
2433,989.76
2434,1396.53
2435,1870.04
2436,2412.1
2437,2060.34
2438,1590.09
2439,1261.4
2440,563.21
2441,561.11
2442,199.58
2443,0
2444,0
2445,0
2446,0
2447,0
2448,0
2449,0
2450,0
2451,0
2452,0
2453,0
2454,0
2455,244.34
2456,826.21
2457,1526.58
2458,1911.96
2459,2318.62
2460,1515.24
2461,1563.82
2462,1080.04
2463,1126.27
2464,934.23
2465,206.37
2466,169.38
2467,1.35
2468,0
2469,0
2470,0
2471,0
2472,0
2473,0
2474,0
2475,0
2476,0
2477,0
2478,0
2479,260.68
2480,915.38
2481,1550.98
2482,2038.98
2483,2360.52
2484,2547.78
2485,2518.09
2486,2321.82
2487,1963.99
2488,1453.22
2489,828.33
2490,193.64
2491,3.48
2492,0
2493,0
2494,0
2495,0
2496,0
2497,0
2498,0
2499,0
2500,0
2501,0
2502,0
2503,266.37
2504,932.36
2505,1551.4
2506,2013.64
2507,1911.66
2508,2308.3
2509,2423.39
2510,1956.43
2511,1413.06
2512,1046.81
2513,829.88
2514,192.54
2515,4.66
2516,0
2517,0
2518,0
2519,0
2520,0
2521,0
2522,0
2523,0
2524,0
2525,0
2526,0
2527,272.91
2528,940.75
2529,1567.13
2530,2043.5
2531,2311.89
2532,2081.07
2533,933.63
2534,1020.48
2535,942.29
2536,655.36
2537,562.46
2538,128.56
2539,0
2540,0
2541,0
2542,0
2543,0
2544,0
2545,0
2546,0
2547,0
2548,0
2549,0
2550,0
2551,269.87
2552,931
2553,1510.16
2554,1885.91
2555,1719.67
2556,2189.81
2557,2368.44
2558,2192.05
2559,1874.84
2560,1109.99
2561,589.76
2562,214.23
2563,7.04
2564,0
2565,0
2566,0
2567,0
2568,0
2569,0
2570,0
2571,0
2572,0
2573,0
2574,0
2575,240.37
2576,825.96
2577,1271.2
2578,1517.2
2579,2213.46
2580,656.38
2581,346.52
2582,680.23
2583,193.92
2584,262.17
2585,271.58
2586,171.53
2587,2.35
2588,0
2589,0
2590,0
2591,0
2592,0
2593,0
2594,0
2595,0
2596,0
2597,0
2598,0
2599,267.17
2600,464.59
2601,1465.59
2602,1921.71
2603,2109.77
2604,1803.52
2605,1166.85
2606,1647.36
2607,1759.61
2608,1267.06
2609,485.48
2610,188.89
2611,13.52
2612,0
2613,0
2614,0
2615,0
2616,0
2617,0
2618,0
2619,0
2620,0
2621,0
2622,0
2623,257.34
2624,792.92
2625,1327.73
2626,1776
2627,1874.04
2628,2008.73
2629,1365.68
2630,1301.89
2631,1044.03
2632,145.65
2633,119.31
2634,75.54
2635,0
2636,0
2637,0
2638,0
2639,0
2640,0
2641,0
2642,0
2643,0
2644,0
2645,0
2646,0
2647,230.74
2648,669.13
2649,885.16
2650,1526.47
2651,2095.14
2652,2331.68
2653,1905.03
2654,1086.2
2655,749.62
2656,588.65
2657,348.31
2658,172.42
2659,9.44
2660,0
2661,0
2662,0
2663,0
2664,0
2665,0
2666,0
2667,0
2668,0
2669,0
2670,1.46
2671,294.24
2672,929.68
2673,1476.3
2674,1883.95
2675,2165.11
2676,2276.53
2677,1703.31
2678,1295.35
2679,1517.97
2680,692.15
2681,750.14
2682,190.19
2683,22.05
2684,0
2685,0
2686,0
2687,0
2688,0
2689,0
2690,0
2691,0
2692,0
2693,0
2694,3.45
2695,295.1
2696,920.68
2697,1450.88
2698,1870.48
2699,2183.96
2700,2354.14
2701,2319.09
2702,2140.6
2703,1815.64
2704,1353.17
2705,772.83
2706,192.51
2707,23.35
2708,0
2709,0
2710,0
2711,0
2712,0
2713,0
2714,0
2715,0
2716,0
2717,0
2718,2.43
2719,298.41
2720,867.36
2721,1294.55
2722,1808.96
2723,2116.64
2724,2295.27
2725,2257.51
2726,2067.71
2727,1748.35
2728,1316.63
2729,749.12
2730,214.37
2731,25.97
2732,0
2733,0
2734,0
2735,0
2736,0
2737,0
2738,0
2739,0
2740,0
2741,0
2742,5.85
2743,287.12
2744,888.55
2745,1441.16
2746,1818.73
2747,1661.35
2748,1372.91
2749,1346.27
2750,942.02
2751,726.35
2752,659.89
2753,378.2
2754,198.42
2755,1.13
2756,0
2757,0
2758,0
2759,0
2760,0
2761,0
2762,0
2763,0
2764,0
2765,0
2766,0
2767,80.1
2768,165.71
2769,463.18
2770,296.98
2771,443.26
2772,283.7
2773,673.61
2774,226.07
2775,370.25
2776,427.72
2777,259.05
2778,64.2
2779,0.3
2780,0
2781,0
2782,0
2783,0
2784,0
2785,0
2786,0
2787,0
2788,0
2789,0
2790,12.25
2791,252.48
2792,885.93
2793,1420.82
2794,1827.56
2795,2102.4
2796,2241.26
2797,2154.1
2798,1767.39
2799,1697.68
2800,1311.58
2801,582.64
2802,217.49
2803,6.6
2804,0
2805,0
2806,0
2807,0
2808,0
2809,0
2810,0
2811,0
2812,0
2813,0
2814,0.39
2815,35.8
2816,233.83
2817,98.2
2818,604.11
2819,176.72
2820,319.44
2821,316.38
2822,420.15
2823,214.51
2824,221.52
2825,121.83
2826,50.18
2827,12.17
2828,0
2829,0
2830,0
2831,0
2832,0
2833,0
2834,0
2835,0
2836,0
2837,0
2838,0
2839,148.16
2840,271.14
2841,108.33
2842,188.31
2843,177.11
2844,204.18
2845,403.07
2846,357.42
2847,270.42
2848,390.71
2849,455.81
2850,206.03
2851,27.24
2852,0
2853,0
2854,0
2855,0
2856,0
2857,0
2858,0
2859,0
2860,0
2861,0
2862,0
2863,56.8
2864,197.45
2865,267.55
2866,489.29
2867,795.49
2868,790.6
2869,988.63
2870,305.92
2871,167.92
2872,585.7
2873,530.83
2874,130.33
2875,43.91
2876,0
2877,0
2878,0
2879,0
2880,0
2881,0
2882,0
2883,0
2884,0
2885,0
2886,0
2887,30.72
2888,102.62
2889,206.53
2890,306.77
2891,446.73
2892,317.21
2893,400.64
2894,454.6
2895,386.07
2896,315.74
2897,118.65
2898,108.47
2899,47.94
2900,0
2901,0
2902,0
2903,0
2904,0
2905,0
2906,0
2907,0
2908,0
2909,0
2910,28.46
2911,272.77
2912,793
2913,1437.77
2914,440.16
2915,1448.09
2916,1526.58
2917,2260.05
2918,534.09
2919,265.37
2920,1203.8
2921,408.29
2922,255.49
2923,40.77
2924,0
2925,0
2926,0
2927,0
2928,0
2929,0
2930,0
2931,0
2932,0
2933,0
2934,32.13
2935,355.02
2936,993.82
2937,1530.36
2938,1939.18
2939,2211.09
2940,2308.33
2941,2318.21
2942,2127.99
2943,1840.09
2944,1380.88
2945,803.22
2946,207.19
2947,44.79
2948,0
2949,0
2950,0
2951,0
2952,0
2953,0
2954,0
2955,0
2956,0
2957,0
2958,39.96
2959,41.79
2960,384.11
2961,219.39
2962,630.88
2963,1111.7
2964,984.02
2965,1249.53
2966,1840.73
2967,1222.76
2968,556.25
2969,504.14
2970,146
2971,0.33
2972,0
2973,0
2974,0
2975,0
2976,0
2977,0
2978,0
2979,0
2980,0
2981,0
2982,21.36
2983,223.45
2984,552.17
2985,1125.17
2986,1869.79
2987,1928.14
2988,2204.08
2989,2305.73
2990,2152.88
2991,1741.17
2992,1331.89
2993,669.52
2994,256.79
2995,48.77
2996,0
2997,0
2998,0
2999,0
3000,0
3001,0
3002,0
3003,0
3004,0
3005,0
3006,44.77
3007,271.45
3008,595.3
3009,648.32
3010,1622.49
3011,2149.05
3012,2012.7
3013,1992.75
3014,1487.94
3015,1038.04
3016,545.46
3017,166.51
3018,37.37
3019,0.36
3020,0
3021,0
3022,0
3023,0
3024,0
3025,0
3026,0
3027,0
3028,0
3029,0
3030,3.39
3031,47
3032,917.78
3033,1472.05
3034,1152.52
3035,1738.74
3036,1287.1
3037,1652.41
3038,1114.87
3039,1006.99
3040,580.73
3041,704.57
3042,240.01
3043,48.82
3044,0
3045,0
3046,0
3047,0
3048,0
3049,0
3050,0
3051,0
3052,0
3053,0
3054,0
3055,281.52
3056,966.17
3057,1452.15
3058,1842.71
3059,2146.04
3060,2179.32
3061,2146.95
3062,1997.52
3063,1741.34
3064,1205.21
3065,741.56
3066,205.26
3067,56.39
3068,0
3069,0
3070,0
3071,0
3072,0
3073,0
3074,0
3075,0
3076,0
3077,0
3078,39.83
3079,42.03
3080,501.27
3081,1089.15
3082,1407.88
3083,1543.14
3084,1474.59
3085,2026.03
3086,748.29
3087,309.23
3088,968.51
3089,434.37
3090,252.32
3091,55.95
3092,0
3093,0
3094,0
3095,0
3096,0
3097,0
3098,0
3099,0
3100,0
3101,0
3102,52.25
3103,109.16
3104,692.76
3105,282.71
3106,564.78
3107,847.15
3108,283.53
3109,453.41
3110,180.01
3111,152.46
3112,154.81
3113,63.31
3114,23.35
3115,68.78
3116,0
3117,0
3118,0
3119,0
3120,0
3121,0
3122,0
3123,0
3124,0
3125,0
3126,0.41
3127,340.69
3128,749.51
3129,534.94
3130,576.07
3131,387.67
3132,843.26
3133,1066.08
3134,713.79
3135,612.5
3136,659.67
3137,644.76
3138,253.95
3139,70.74
3140,0
3141,0
3142,0
3143,0
3144,0
3145,0
3146,0
3147,0
3148,0
3149,0
3150,51.06
3151,370.75
3152,976.98
3153,1505.14
3154,1511.02
3155,1337.69
3156,372.74
3157,710.4
3158,191.24
3159,597.54
3160,601.32
3161,557.46
3162,214.89
3163,2.21
3164,0
3165,0
3166,0
3167,0
3168,0
3169,0
3170,0
3171,0
3172,0
3173,0
3174,66.41
3175,361.92
3176,502.76
3177,795.07
3178,627.54
3179,1001.22
3180,1911.77
3181,2284.42
3182,1618.8
3183,1323.34
3184,1188.79
3185,776.31
3186,193.2
3187,66.68
3188,0
3189,0
3190,0
3191,0
3192,0
3193,0
3194,0
3195,0
3196,0
3197,0
3198,38.03
3199,329.38
3200,990.84
3201,1331.34
3202,1187.71
3203,1305.54
3204,2383.78
3205,1952.18
3206,2062.49
3207,1307.22
3208,1223.4
3209,536.93
3210,178.32
3211,77.47
3212,0
3213,0
3214,0
3215,0
3216,0
3217,0
3218,0
3219,0
3220,0
3221,0
3222,13.86
3223,119.98
3224,199.02
3225,262.39
3226,645.01
3227,519.96
3228,577.72
3229,513
3230,242.16
3231,142.89
3232,202.92
3233,99.64
3234,26.85
3235,4.5
3236,0
3237,0
3238,0
3239,0
3240,0
3241,0
3242,0
3243,0
3244,0
3245,0
3246,35.77
3247,268.6
3248,653.21
3249,721.85
3250,888.36
3251,1049.96
3252,1427.06
3253,1239.07
3254,1443.07
3255,1765.1
3256,986.67
3257,787.59
3258,229.22
3259,68.23
3260,0
3261,0
3262,0
3263,0
3264,0
3265,0
3266,0
3267,0
3268,0
3269,0
3270,75.65
3271,255.19
3272,597.93
3273,717.9
3274,1969.34
3275,1980.36
3276,1372.8
3277,1172.5
3278,1465.95
3279,810.17
3280,545.76
3281,829.63
3282,258.67
3283,90.75
3284,0
3285,0
3286,0
3287,0
3288,0
3289,0
3290,0
3291,0
3292,0
3293,0
3294,62.9
3295,347.07
3296,693.34
3297,723.51
3298,700.35
3299,711.72
3300,318.31
3301,252.98
3302,223.37
3303,398.6
3304,629
3305,538.01
3306,234.52
3307,58.43
3308,0
3309,0
3310,0
3311,0
3312,0
3313,0
3314,0
3315,0
3316,0
3317,0
3318,76.07
3319,324.36
3320,923.94
3321,946.38
3322,639.6
3323,1028.62
3324,1926.01
3325,2011.65
3326,1386.51
3327,185.28
3328,1421.46
3329,760.46
3330,282.18
3331,16.42
3332,0
3333,0
3334,0
3335,0
3336,0
3337,0
3338,0
3339,0
3340,0
3341,0
3342,63.31
3343,379.72
3344,963.43
3345,1423.19
3346,1814.76
3347,1878.9
3348,1949.17
3349,2163.92
3350,1964.43
3351,1774.07
3352,1336.09
3353,697.95
3354,273.1
3355,92.4
3356,0
3357,0
3358,0
3359,0
3360,0
3361,0
3362,0
3363,0
3364,0
3365,0
3366,78.27
3367,215.17
3368,152.6
3369,410.47
3370,268.49
3371,791.87
3372,777.11
3373,198.39
3374,218.01
3375,210.09
3376,161.76
3377,134.94
3378,110.65
3379,8.06
3380,0
3381,0
3382,0
3383,0
3384,0
3385,0
3386,0
3387,0
3388,0
3389,0
3390,79.38
3391,382.54
3392,501.24
3393,759.8
3394,906.19
3395,1288.67
3396,1146.28
3397,966.06
3398,269.62
3399,251.6
3400,239.24
3401,59.06
3402,29.95
3403,75.76
3404,0
3405,0
3406,0
3407,0
3408,0
3409,0
3410,0
3411,0
3412,0
3413,0
3414,61.41
3415,392.94
3416,1006.74
3417,1546.98
3418,1693.84
3419,2090.23
3420,2076.76
3421,2154.84
3422,1116.97
3423,1144.93
3424,997.13
3425,603.61
3426,306.06
3427,103.03
3428,0
3429,0
3430,0
3431,0
3432,0
3433,0
3434,0
3435,0
3436,0
3437,0
3438,67.18
3439,259.91
3440,101.13
3441,187.71
3442,182.77
3443,164.55
3444,357.03
3445,2070.08
3446,1158.59
3447,1870.01
3448,1254.42
3449,180.37
3450,248.34
3451,76.04
3452,0
3453,0
3454,0
3455,0
3456,0
3457,0
3458,0
3459,0
3460,0
3461,0
3462,55.5
3463,322.04
3464,870.15
3465,231.59
3466,1464.98
3467,1779.92
3468,1938.9
3469,1864.66
3470,420.76
3471,1139.08
3472,953.75
3473,616
3474,316.68
3475,23.79
3476,0
3477,0
3478,0
3479,0
3480,0
3481,0
3482,0
3483,0
3484,0
3485,0
3486,78.6
3487,371.36
3488,777.19
3489,1367.33
3490,1621.39
3491,2172.31
3492,2269.38
3493,2290.8
3494,2053.99
3495,1731.04
3496,1143.41
3497,692.98
3498,237.39
3499,78.16
3500,0
3501,0
3502,0
3503,0
3504,0
3505,0
3506,0
3507,0
3508,0
3509,0
3510,82.52
3511,377.84
3512,942.62
3513,1450.41
3514,1591.17
3515,2026.59
3516,2193.04
3517,2212.55
3518,2019.52
3519,1709.93
3520,1297.78
3521,793.69
3522,241.58
3523,77.42
3524,0
3525,0
3526,0
3527,0
3528,0
3529,0
3530,0
3531,0
3532,0
3533,0
3534,77.36
3535,375.72
3536,928.82
3537,1378.37
3538,1819.86
3539,2036.27
3540,2138.5
3541,2150.34
3542,1965.37
3543,1673.39
3544,1273.66
3545,770.12
3546,237.25
3547,74.49
3548,0
3549,0
3550,0
3551,0
3552,0
3553,0
3554,0
3555,0
3556,0
3557,0
3558,76.65
3559,363.55
3560,817.71
3561,1314.12
3562,1791.93
3563,1863.63
3564,2133.45
3565,2157.35
3566,1968.35
3567,1690.67
3568,1285.86
3569,778.15
3570,277.9
3571,105.74
3572,0
3573,0
3574,0
3575,0
3576,0
3577,0
3578,0
3579,0
3580,0
3581,0
3582,76.67
3583,376.52
3584,921.7
3585,1441.66
3586,1823.28
3587,2067.05
3588,2183.41
3589,2121.53
3590,1842.71
3591,1573.59
3592,748.51
3593,497.93
3594,243.1
3595,87.52
3596,0
3597,0
3598,0
3599,0
3600,0
3601,0
3602,0
3603,0
3604,0
3605,0
3606,79.1
3607,370.36
3608,914.66
3609,1406.99
3610,1759.61
3611,1964.6
3612,2059.02
3613,2059.57
3614,1894.93
3615,1447.12
3616,1065.72
3617,602.48
3618,229.96
3619,82.66
3620,0
3621,0
3622,0
3623,0
3624,0
3625,0
3626,0
3627,0
3628,0
3629,0
3630,94.92
3631,367.14
3632,910
3633,1329.46
3634,1791.85
3635,2006.16
3636,2097.27
3637,2073.86
3638,1892.56
3639,802.91
3640,225.46
3641,778.02
3642,186.27
3643,19.65
3644,0
3645,0
3646,0
3647,0
3648,0
3649,0
3650,0
3651,0
3652,0
3653,0
3654,75.21
3655,99.36
3656,480.74
3657,1282.21
3658,677.94
3659,1307.47
3660,989.21
3661,194.69
3662,291.76
3663,451.56
3664,306.03
3665,162.09
3666,309.12
3667,105.1
3668,0
3669,0
3670,0
3671,0
3672,0
3673,0
3674,0
3675,0
3676,0
3677,0
3678,90.83
3679,363.41
3680,875.03
3681,1369.48
3682,1747.88
3683,1964.07
3684,2064.89
3685,2047.01
3686,295.73
3687,151.63
3688,447.26
3689,163.86
3690,186.33
3691,117.3
3692,0
3693,0
3694,0
3695,0
3696,0
3697,0
3698,0
3699,0
3700,0
3701,0
3702,19.24
3703,347.54
3704,223.23
3705,1372.11
3706,1457.39
3707,727.92
3708,254.94
3709,1865.01
3710,597.62
3711,687.96
3712,513.91
3713,77.97
3714,30.72
3715,11.62
3716,0
3717,0
3718,0
3719,0
3720,0
3721,0
3722,0
3723,0
3724,0
3725,0
3726,19.15
3727,110.81
3728,120.61
3729,504.69
3730,464.26
3731,275.89
3732,181.06
3733,295.21
3734,249.09
3735,133.17
3736,306
3737,112.69
3738,86.88
3739,90.69
3740,0
3741,0
3742,0
3743,0
3744,0
3745,0
3746,0
3747,0
3748,0
3749,0
3750,72.12
3751,215.61
3752,468.07
3753,1026.78
3754,282.73
3755,277.6
3756,189.72
3757,310.25
3758,190.99
3759,237.72
3760,159.8
3761,129.14
3762,75.32
3763,51.31
3764,0
3765,0
3766,0
3767,0
3768,0
3769,0
3770,0
3771,0
3772,0
3773,0
3774,59.12
3775,234.88
3776,400.75
3777,238.41
3778,444.19
3779,591.36
3780,553.52
3781,882.81
3782,1051.78
3783,570.71
3784,134.72
3785,243.93
3786,257.56
3787,94.25
3788,0
3789,0
3790,0
3791,0
3792,0
3793,0
3794,0
3795,0
3796,0
3797,0
3798,96.38
3799,360.73
3800,680.28
3801,1406.99
3802,1768.83
3803,1955.07
3804,1997.25
3805,1711.89
3806,1871.11
3807,1652
3808,1199.83
3809,617.41
3810,280
3811,92.35
3812,0
3813,0
3814,0
3815,0
3816,0
3817,0
3818,0
3819,0
3820,0
3821,0
3822,86.19
3823,362.58
3824,905.69
3825,1404.18
3826,1789.17
3827,1912.96
3828,1871.39
3829,1720.86
3830,1849.01
3831,1628.37
3832,1292.54
3833,777.38
3834,284.06
3835,120.92
3836,2.04
3837,0
3838,0
3839,0
3840,0
3841,0
3842,0
3843,0
3844,0
3845,0
3846,94.36
3847,357.23
3848,883.17
3849,1378.56
3850,1749.4
3851,2026.97
3852,1954.96
3853,1720.5
3854,1859.49
3855,1619.46
3856,1269.02
3857,787.1
3858,265.32
3859,89.53
3860,3.01
3861,0
3862,0
3863,0
3864,0
3865,0
3866,0
3867,0
3868,0
3869,0
3870,86.77
3871,352.01
3872,873.1
3873,1365.68
3874,1738.61
3875,2001.44
3876,1942.76
3877,1786.71
3878,1685.89
3879,1603.78
3880,1243.74
3881,782.29
3882,264.52
3883,96.38
3884,1.05
3885,0
3886,0
3887,0
3888,0
3889,0
3890,0
3891,0
3892,0
3893,0
3894,81.06
3895,351.21
3896,833.05
3897,1347.21
3898,1675.73
3899,1603.45
3900,2071.82
3901,2089.21
3902,1975.69
3903,1678.49
3904,1212.11
3905,780.64
3906,273.99
3907,88.6
3908,1.99
3909,0
3910,0
3911,0
3912,0
3913,0
3914,0
3915,0
3916,0
3917,0
3918,77.64
3919,351.21
3920,887.2
3921,1382.01
3922,1755.64
3923,1854.03
3924,2066.03
3925,2123.07
3926,1988.08
3927,1719.56
3928,1284.78
3929,788.75
3930,263.99
3931,88.73
3932,5.13
3933,0
3934,0
3935,0
3936,0
3937,0
3938,0
3939,0
3940,0
3941,0
3942,77.78
3943,355.38
3944,884.75
3945,1355.16
3946,1709.46
3947,1951.9
3948,2076.46
3949,2063.27
3950,1913.04
3951,1678.66
3952,1271.64
3953,787.21
3954,263.39
3955,87.8
3956,11.15
3957,0
3958,0
3959,0
3960,0
3961,0
3962,0
3963,0
3964,0
3965,0
3966,76.67
3967,346.57
3968,875.09
3969,1352.04
3970,1719.2
3971,1962.91
3972,2074.58
3973,2056.06
3974,1901.01
3975,1648.52
3976,1261.24
3977,779.7
3978,265.4
3979,89.31
3980,11.1
3981,0
3982,0
3983,0
3984,0
3985,0
3986,0
3987,0
3988,0
3989,0
3990,89.15
3991,344.86
3992,851.85
3993,1320.19
3994,1655.59
3995,1882.87
3996,1983.06
3997,1970.53
3998,1803.44
3999,1525.31
4000,1186.61
4001,680.45
4002,281.46
4003,120.31
4004,10.96
4005,0
4006,0
4007,0
4008,0
4009,0
4010,0
4011,0
4012,0
4013,0
4014,91.52
4015,296.18
4016,688.81
4017,581.78
4018,1370.62
4019,1519.35
4020,1450.38
4021,626.99
4022,1117.88
4023,265.48
4024,155.25
4025,333.74
4026,140.37
4027,76.53
4028,0
4029,0
4030,0
4031,0
4032,0
4033,0
4034,0
4035,0
4036,0
4037,0
4038,98.06
4039,326.2
4040,796.92
4041,1011.4
4042,1633.01
4043,1935.73
4044,2056.39
4045,2036.99
4046,1851.21
4047,1538.29
4048,1156.3
4049,756.68
4050,330.32
4051,106.07
4052,0
4053,0
4054,0
4055,0
4056,0
4057,0
4058,0
4059,0
4060,0
4061,0
4062,79.35
4063,339.51
4064,819.47
4065,1297.17
4066,1666.16
4067,1898.11
4068,1070.71
4069,1920.74
4070,1864.19
4071,1460.9
4072,885.63
4073,753.04
4074,125.97
4075,15.37
4076,0
4077,0
4078,0
4079,0
4080,0
4081,0
4082,0
4083,0
4084,0
4085,0
4086,4.25
4087,337.77
4088,649.62
4089,234.88
4090,1011.51
4091,935.09
4092,395.56
4093,231.73
4094,593.26
4095,262.59
4096,207.8
4097,796.67
4098,317.59
4099,132.04
4100,0
4101,0
4102,0
4103,0
4104,0
4105,0
4106,0
4107,0
4108,0
4109,0
4110,16.17
4111,342.18
4112,872.49
4113,449.27
4114,183.84
4115,285.6
4116,1077.64
4117,1651.67
4118,129.11
4119,1702.12
4120,1237.94
4121,175.78
4122,255.58
4123,123.9
4124,6.51
4125,0
4126,0
4127,0
4128,0
4129,0
4130,0
4131,0
4132,0
4133,0
4134,101.62
4135,275.72
4136,852.51
4137,1309.92
4138,320.55
4139,302.88
4140,1362.81
4141,1542.48
4142,1593.54
4143,1398.49
4144,1223.89
4145,777.44
4146,332.44
4147,137.25
4148,15.73
4149,0
4150,0
4151,0
4152,0
4153,0
4154,0
4155,0
4156,0
4157,0
4158,76.73
4159,338.32
4160,876.85
4161,1193.84
4162,1706.34
4163,1905.12
4164,1552.8
4165,1437.79
4166,190.8
4167,710.07
4168,102.95
4169,68.2
4170,91.69
4171,30.97
4172,9.08
4173,0
4174,0
4175,0
4176,0
4177,0
4178,0
4179,0
4180,0
4181,0
4182,39.99
4183,40.54
4184,466.63
4185,294.46
4186,230.07
4187,251.22
4188,381.49
4189,554.51
4190,608.77
4191,364.62
4192,228.14
4193,241.53
4194,139.32
4195,14.49
4196,0
4197,0
4198,0
4199,0
4200,0
4201,0
4202,0
4203,0
4204,0
4205,0
4206,81.59
4207,341.61
4208,890.73
4209,1366.61
4210,1012.89
4211,1819.25
4212,1620.2
4213,1824.69
4214,1701.35
4215,1700.24
4216,1292.54
4217,820.38
4218,295.6
4219,123.68
4220,14.27
4221,0
4222,0
4223,0
4224,0
4225,0
4226,0
4227,0
4228,0
4229,0
4230,98.86
4231,307.46
4232,476.46
4233,1313.32
4234,1730.55
4235,1992.64
4236,2108.97
4237,2096.25
4238,1944.72
4239,1248.35
4240,924.02
4241,688.12
4242,309.01
4243,99.44
4244,16.34
4245,0
4246,0
4247,0
4248,0
4249,0
4250,0
4251,0
4252,0
4253,0
4254,63.67
4255,52.11
4256,197.53
4257,457.17
4258,893.49
4259,1263.36
4260,1656.63
4261,1246.17
4262,1265.18
4263,1601.3
4264,794.27
4265,194.08
4266,62.16
4267,138.99
4268,16.84
4269,0
4270,0
4271,0
4272,0
4273,0
4274,0
4275,0
4276,0
4277,0
4278,6.65
4279,26.25
4280,343.15
4281,1199.3
4282,994.1
4283,926.64
4284,766.98
4285,649.04
4286,286.41
4287,535.94
4288,1259.88
4289,693.15
4290,349.75
4291,29.23
4292,15.73
4293,0
4294,0
4295,0
4296,0
4297,0
4298,0
4299,0
4300,0
4301,0
4302,58.82
4303,340.8
4304,597.02
4305,345.3
4306,1079.27
4307,952.42
4308,1028.49
4309,793.47
4310,164.33
4311,174.29
4312,226.02
4313,175.7
4314,250.03
4315,129.22
4316,0
4317,0
4318,0
4319,0
4320,0
4321,0
4322,0
4323,0
4324,0
4325,0
4326,81.28
4327,326.7
4328,564.42
4329,1067.26
4330,1036.21
4331,1217.19
4332,364.04
4333,409.83
4334,481.04
4335,809.48
4336,491.31
4337,167.59
4338,277.96
4339,141.53
4340,17.19
4341,0
4342,0
4343,0
4344,0
4345,0
4346,0
4347,0
4348,0
4349,0
4350,92.9
4351,331.78
4352,841.36
4353,1320.3
4354,1444.83
4355,1647.75
4356,698
4357,809.73
4358,1713.02
4359,1578.28
4360,1143.33
4361,787.43
4362,339.4
4363,129.58
4364,4.17
4365,0
4366,0
4367,0
4368,0
4369,0
4370,0
4371,0
4372,0
4373,0
4374,90.47
4375,324.93
4376,820.19
4377,1334.24
4378,1696.99
4379,1944.81
4380,2035.28
4381,1750.34
4382,808.93
4383,1245.62
4384,1219.56
4385,727.73
4386,263.64
4387,31.38
4388,0
4389,0
4390,0
4391,0
4392,0
4393,0
4394,0
4395,0
4396,0
4397,0
4398,10.38
4399,25.78
4400,51.75
4401,190.74
4402,229.6
4403,276.36
4404,812.05
4405,1192.1
4406,1184.84
4407,741.09
4408,344.2
4409,365.89
4410,301.81
4411,33.62
4412,0
4413,0
4414,0
4415,0
4416,0
4417,0
4418,0
4419,0
4420,0
4421,0
4422,23.46
4423,269.4
4424,52.41
4425,134.88
4426,190.44
4427,216.58
4428,274.4
4429,306.19
4430,1093.84
4431,1039
4432,757.4
4433,407.71
4434,173.85
4435,38.67
4436,0
4437,0
4438,0
4439,0
4440,0
4441,0
4442,0
4443,0
4444,0
4445,0
4446,6.62
4447,56.08
4448,352.73
4449,1220.42
4450,1708.22
4451,2007.07
4452,2166.05
4453,2118.36
4454,1839.24
4455,1564.98
4456,1243.46
4457,818.81
4458,295.32
4459,136.56
4460,13.88
4461,0
4462,0
4463,0
4464,0
4465,0
4466,0
4467,0
4468,0
4469,0
4470,3.17
4471,46.89
4472,122.41
4473,111.86
4474,939.17
4475,321.57
4476,359.71
4477,564.59
4478,294.13
4479,277.3
4480,323.91
4481,329.85
4482,103.61
4483,132.42
4484,7.7
4485,0
4486,0
4487,0
4488,0
4489,0
4490,0
4491,0
4492,0
4493,0
4494,80.81
4495,320.85
4496,220.74
4497,499.2
4498,957.47
4499,1787.32
4500,449.6
4501,1237.86
4502,994.35
4503,1579.41
4504,948.34
4505,814.42
4506,356.65
4507,140.95
4508,13.03
4509,0
4510,0
4511,0
4512,0
4513,0
4514,0
4515,0
4516,0
4517,0
4518,14.9
4519,249.95
4520,296.34
4521,613.27
4522,638.19
4523,301.7
4524,634.41
4525,401.19
4526,710.92
4527,1143
4528,483.8
4529,402.55
4530,241.75
4531,95.5
4532,0
4533,0
4534,0
4535,0
4536,0
4537,0
4538,0
4539,0
4540,0
4541,0
4542,35.36
4543,189.72
4544,649.1
4545,1329
4546,1602.93
4547,1895.26
4548,1951.54
4549,1369.65
4550,1269.1
4551,1593.96
4552,1244.87
4553,784.59
4554,348.81
4555,123.98
4556,7.67
4557,0
4558,0
4559,0
4560,0
4561,0
4562,0
4563,0
4564,0
4565,0
4566,72.78
4567,309.01
4568,539.55
4569,1196.74
4570,1594.15
4571,1862.78
4572,1403.27
4573,626.93
4574,397.66
4575,417.53
4576,235.76
4577,352.48
4578,289.14
4579,119.7
4580,0
4581,0
4582,0
4583,0
4584,0
4585,0
4586,0
4587,0
4588,0
4589,0
4590,80.15
4591,310.53
4592,804.02
4593,1099.5
4594,1650.4
4595,1935.62
4596,2032.3
4597,2091.25
4598,1967.71
4599,1706.7
4600,1339.35
4601,831.92
4602,301.25
4603,94.25
4604,11.26
4605,0
4606,0
4607,0
4608,0
4609,0
4610,0
4611,0
4612,0
4613,0
4614,14.63
4615,269.27
4616,373.15
4617,174.68
4618,177.27
4619,229.88
4620,244.45
4621,379
4622,224.83
4623,174.96
4624,88.35
4625,145.34
4626,56.47
4627,14.6
4628,0
4629,0
4630,0
4631,0
4632,0
4633,0
4634,0
4635,0
4636,0
4637,0
4638,2.26
4639,287.95
4640,791.1
4641,997.99
4642,905.17
4643,360.01
4644,505.88
4645,678.19
4646,955.87
4647,981.57
4648,1352.4
4649,454.6
4650,237.72
4651,10.54
4652,3.26
4653,0
4654,0
4655,0
4656,0
4657,0
4658,0
4659,0
4660,0
4661,0
4662,14.77
4663,38.7
4664,118.16
4665,291.37
4666,244.45
4667,345.41
4668,470.11
4669,309.7
4670,270.01
4671,160.96
4672,434.42
4673,103.09
4674,164.3
4675,97.95
4676,0
4677,0
4678,0
4679,0
4680,0
4681,0
4682,0
4683,0
4684,0
4685,0
4686,67.68
4687,299.24
4688,680.67
4689,316.85
4690,491.75
4691,1072.12
4692,840.2
4693,136.7
4694,188.65
4695,140.95
4696,161.43
4697,228.31
4698,92.24
4699,39.03
4700,0
4701,0
4702,0
4703,0
4704,0
4705,0
4706,0
4707,0
4708,0
4709,0
4710,6.68
4711,62.43
4712,91.58
4713,220.66
4714,252.87
4715,172
4716,244.62
4717,231.15
4718,179.26
4719,351.49
4720,214.15
4721,178.49
4722,282.71
4723,54.59
4724,0
4725,0
4726,0
4727,0
4728,0
4729,0
4730,0
4731,0
4732,0
4733,0
4734,17.66
4735,74.55
4736,145.31
4737,319.55
4738,275.09
4739,342.54
4740,326.26
4741,673.47
4742,838.38
4743,1134.11
4744,716.03
4745,705.87
4746,332.5
4747,81.64
4748,0
4749,0
4750,0
4751,0
4752,0
4753,0
4754,0
4755,0
4756,0
4757,0
4758,47.97
4759,123.54
4760,437.85
4761,1234.16
4762,1789.83
4763,2080.49
4764,2169.77
4765,2167.29
4766,2037.71
4767,1763.03
4768,1404.04
4769,850.74
4770,302.94
4771,94.89
4772,4.06
4773,0
4774,0
4775,0
4776,0
4777,0
4778,0
4779,0
4780,0
4781,0
4782,56.97
4783,291.54
4784,837.69
4785,1366.92
4786,1768.99
4787,2045.24
4788,2152.83
4789,2148.11
4790,2001.8
4791,1749.23
4792,1403.1
4793,842.46
4794,302.44
4795,85.04
4796,4
4797,0
4798,0
4799,0
4800,0
4801,0
4802,0
4803,0
4804,0
4805,0
4806,54.68
4807,284.53
4808,822.45
4809,1327.78
4810,1723.98
4811,1996.09
4812,2105
4813,2093.24
4814,1960.26
4815,1720.23
4816,1380.33
4817,837.99
4818,303.1
4819,95.63
4820,1.96
4821,0
4822,0
4823,0
4824,0
4825,0
4826,0
4827,0
4828,0
4829,0
4830,52.72
4831,281
4832,802.47
4833,1311.77
4834,1690.69
4835,1972.3
4836,2069.06
4837,2066.36
4838,0
4839,1685.2
4840,1312.77
4841,826.84
4842,303.24
4843,94.03
4844,1.05
4845,0
4846,0
4847,0
4848,0
4849,0
4850,0
4851,0
4852,0
4853,0
4854,56.69
4855,280.8
4856,808.76
4857,1304.21
4858,1684.07
4859,1947.26
4860,2044.39
4861,2033.49
4862,1892.81
4863,1662.29
4864,1302.44
4865,818.23
4866,308.95
4867,104.19
4868,0.17
4869,0
4870,0
4871,0
4872,0
4873,0
4874,0
4875,0
4876,0
4877,0
4878,56.72
4879,234.19
4880,588.6
4881,1186.08
4882,1611.09
4883,1614.41
4884,1976.35
4885,1967.22
4886,1583.33
4887,1602.21
4888,1250.34
4889,686.63
4890,318.56
4891,111.48
4892,0
4893,0
4894,0
4895,0
4896,0
4897,0
4898,0
4899,0
4900,0
4901,0
4902,0.25
4903,206.14
4904,46.09
4905,73.64
4906,98.48
4907,271.11
4908,129.53
4909,491.8
4910,1604.5
4911,1289.11
4912,1313.62
4913,820
4914,296.37
4915,91.6
4916,0
4917,0
4918,0
4919,0
4920,0
4921,0
4922,0
4923,0
4924,0
4925,0
4926,53.63
4927,244.12
4928,772.39
4929,629.03
4930,699.72
4931,658.65
4932,302.33
4933,882.62
4934,1378.76
4935,1296.81
4936,1110.82
4937,272.33
4938,183.73
4939,108.85
4940,0
4941,0
4942,0
4943,0
4944,0
4945,0
4946,0
4947,0
4948,0
4949,0
4950,48.55
4951,275.37
4952,708.63
4953,1306.75
4954,1444.67
4955,1442.46
4956,1434.68
4957,1846.27
4958,1523.16
4959,1442.62
4960,1281.14
4961,832.44
4962,300.29
4963,77.8
4964,0
4965,0
4966,0
4967,0
4968,0
4969,0
4970,0
4971,0
4972,0
4973,0
4974,45.04
4975,208.35
4976,420.13
4977,943.31
4978,1048.58
4979,1585.51
4980,1160.06
4981,499.09
4982,249.89
4983,146.11
4984,195.57
4985,152.41
4986,229.25
4987,63.73
4988,0
4989,0
4990,0
4991,0
4992,0
4993,0
4994,0
4995,0
4996,0
4997,0
4998,41.37
4999,267.03
5000,811.5
5001,1185.86
5002,624.17
5003,982.62
5004,724.28
5005,1075.3
5006,1556.45
5007,1133.81
5008,1144.96
5009,823.06
5010,295.24
5011,84.68
5012,0
5013,0
5014,0
5015,0
5016,0
5017,0
5018,0
5019,0
5020,0
5021,0
5022,45.15
5023,269.04
5024,812.54
5025,1311.41
5026,1711.31
5027,1915.38
5028,1946.82
5029,1985.46
5030,1854.03
5031,1649.38
5032,1288.64
5033,793.86
5034,322.15
5035,96.16
5036,0
5037,0
5038,0
5039,0
5040,0
5041,0
5042,0
5043,0
5044,0
5045,0
5046,44.91
5047,152.57
5048,188.23
5049,386.95
5050,335.23
5051,365.7
5052,285.49
5053,129.69
5054,174.76
5055,154.89
5056,268.88
5057,667.37
5058,306.61
5059,79.79
5060,0
5061,0
5062,0
5063,0
5064,0
5065,0
5066,0
5067,0
5068,0
5069,0
5070,25.14
5071,226.26
5072,786.24
5073,1187.02
5074,1596.55
5075,1755.58
5076,154.56
5077,192.01
5078,196.04
5079,213.49
5080,197.28
5081,110.84
5082,27.71
5083,77.94
5084,0
5085,0
5086,0
5087,0
5088,0
5089,0
5090,0
5091,0
5092,0
5093,0
5094,0
5095,72.62
5096,68.48
5097,781.6
5098,371.88
5099,313.32
5100,1244.73
5101,1784.67
5102,771.64
5103,682.91
5104,539.33
5105,673.88
5106,303.32
5107,86.97
5108,0
5109,0
5110,0
5111,0
5112,0
5113,0
5114,0
5115,0
5116,0
5117,0
5118,38.67
5119,263.99
5120,825.79
5121,1288.29
5122,1153.79
5123,1956.56
5124,2000.61
5125,1637.23
5126,1701.37
5127,300.34
5128,1009.66
5129,557.55
5130,87.33
5131,30.61
5132,0
5133,0
5134,0
5135,0
5136,0
5137,0
5138,0
5139,0
5140,0
5141,0
5142,1.27
5143,24.81
5144,419.44
5145,273.21
5146,347.1
5147,769.21
5148,713.13
5149,202.72
5150,329.9
5151,385.93
5152,406.8
5153,202.83
5154,144.9
5155,82.94
5156,0
5157,0
5158,0
5159,0
5160,0
5161,0
5162,0
5163,0
5164,0
5165,0
5166,5.55
5167,38.64
5168,274.62
5169,91.49
5170,292.2
5171,315.3
5172,628.23
5173,1580.16
5174,1275.89
5175,1623.49
5176,1147.66
5177,194.83
5178,109.27
5179,89.7
5180,0
5181,0
5182,0
5183,0
5184,0
5185,0
5186,0
5187,0
5188,0
5189,0
5190,0
5191,95.66
5192,194.69
5193,410.22
5194,1327.5
5195,1878.73
5196,1899.79
5197,1851.63
5198,947.62
5199,294.3
5200,617.63
5201,502.46
5202,224.11
5203,19.93
5204,0
5205,0
5206,0
5207,0
5208,0
5209,0
5210,0
5211,0
5212,0
5213,0
5214,11.79
5215,244.29
5216,519.07
5217,1057.77
5218,1198.75
5219,1623.68
5220,1531.69
5221,1958.97
5222,1118.68
5223,828.17
5224,867.83
5225,409.28
5226,204.18
5227,48.36
5228,0
5229,0
5230,0
5231,0
5232,0
5233,0
5234,0
5235,0
5236,0
5237,0
5238,0
5239,16.64
5240,62.35
5241,70.1
5242,214.4
5243,1460.51
5244,401.86
5245,1015.13
5246,1493.68
5247,967.71
5248,165.68
5249,675.48
5250,302.22
5251,80.67
5252,0
5253,0
5254,0
5255,0
5256,0
5257,0
5258,0
5259,0
5260,0
5261,0
5262,25.59
5263,255.3
5264,824.83
5265,1363.66
5266,1723.04
5267,1984.27
5268,1684.62
5269,1109.63
5270,860.24
5271,1424.6
5272,1326.84
5273,825.32
5274,279.7
5275,64.58
5276,0
5277,0
5278,0
5279,0
5280,0
5281,0
5282,0
5283,0
5284,0
5285,0
5286,21.14
5287,213.1
5288,283.67
5289,316.16
5290,813.7
5291,1096.27
5292,1371.55
5293,814.56
5294,1537.43
5295,1169.41
5296,1228.64
5297,764
5298,264.77
5299,68.61
5300,0
5301,0
5302,0
5303,0
5304,0
5305,0
5306,0
5307,0
5308,0
5309,0
5310,20.78
5311,244.23
5312,725.71
5313,1248.96
5314,1637.01
5315,1802.83
5316,1960.79
5317,1976.6
5318,1883.29
5319,1640.05
5320,1260.96
5321,748.13
5322,274.23
5323,60.61
5324,0
5325,0
5326,0
5327,0
5328,0
5329,0
5330,0
5331,0
5332,0
5333,0
5334,17.19
5335,236.61
5336,765.96
5337,1266.81
5338,1622.69
5339,1858.06
5340,1963.41
5341,1959.41
5342,1842.27
5343,1601.77
5344,1261.24
5345,770.76
5346,251.74
5347,60.09
5348,0
5349,0
5350,0
5351,0
5352,0
5353,0
5354,0
5355,0
5356,0
5357,0
5358,14.57
5359,234.66
5360,739.71
5361,1230.96
5362,1583.63
5363,1647.42
5364,1966.72
5365,1937.19
5366,1671.65
5367,131.1
5368,73.36
5369,61.02
5370,81.25
5371,12.14
5372,0
5373,0
5374,0
5375,0
5376,0
5377,0
5378,0
5379,0
5380,0
5381,0
5382,14.32
5383,226.43
5384,730.27
5385,1221.08
5386,1466.06
5387,1718.02
5388,1889.3
5389,1916.68
5390,1819.03
5391,1573.5
5392,1236.15
5393,747.82
5394,245.72
5395,56.86
5396,0
5397,0
5398,0
5399,0
5400,0
5401,0
5402,0
5403,0
5404,0
5405,0
5406,10.32
5407,228.97
5408,746.83
5409,1245.26
5410,1607.56
5411,1844.12
5412,1948.56
5413,1920.9
5414,1793.34
5415,1536.74
5416,1200.74
5417,736.67
5418,240.12
5419,54.29
5420,0
5421,0
5422,0
5423,0
5424,0
5425,0
5426,0
5427,0
5428,0
5429,0
5430,4.17
5431,208.96
5432,472.59
5433,988.11
5434,1378.23
5435,1524.9
5436,1597.9
5437,1948.42
5438,1748.21
5439,1645.48
5440,1242.19
5441,759
5442,242.02
5443,52.27
5444,0
5445,0
5446,0
5447,0
5448,0
5449,0
5450,0
5451,0
5452,0
5453,0
5454,7.84
5455,202.34
5456,698.53
5457,1299.16
5458,382.56
5459,720.94
5460,499.89
5461,1342.8
5462,1392.48
5463,713.76
5464,669.24
5465,797.31
5466,241.28
5467,43.72
5468,0
5469,0
5470,0
5471,0
5472,0
5473,0
5474,0
5475,0
5476,0
5477,0
5478,0
5479,145.59
5480,375.75
5481,1169.14
5482,1215.84
5483,1187.63
5484,1255.83
5485,1275.53
5486,975.72
5487,1238.3
5488,1050.26
5489,737.83
5490,254.75
5491,49.24
5492,0
5493,0
5494,0
5495,0
5496,0
5497,0
5498,0
5499,0
5500,0
5501,0
5502,0
5503,159.06
5504,336.64
5505,521.36
5506,1080.1
5507,462.63
5508,296.73
5509,323.61
5510,265.29
5511,191.46
5512,309.23
5513,264.88
5514,166.73
5515,32.49
5516,0
5517,0
5518,0
5519,0
5520,0
5521,0
5522,0
5523,0
5524,0
5525,0
5526,0
5527,127.95
5528,391.62
5529,441.74
5530,1054.1
5531,1798.11
5532,1932.44
5533,1942.93
5534,1912.54
5535,1662.02
5536,1297.75
5537,780.97
5538,227.37
5539,36.79
5540,0
5541,0
5542,0
5543,0
5544,0
5545,0
5546,0
5547,0
5548,0
5549,0
5550,0
5551,152.43
5552,367.3
5553,874.4
5554,1715.89
5555,1995.51
5556,2084.16
5557,2021.95
5558,1914.69
5559,1624.12
5560,1033.7
5561,739.05
5562,221.3
5563,34.64
5564,0
5565,0
5566,0
5567,0
5568,0
5569,0
5570,0
5571,0
5572,0
5573,0
5574,0
5575,223.56
5576,762.92
5577,1235.85
5578,1389.36
5579,1916.6
5580,2020.38
5581,1985.76
5582,1608.33
5583,1637.09
5584,1103.72
5585,550.34
5586,204.76
5587,34.53
5588,0
5589,0
5590,0
5591,0
5592,0
5593,0
5594,0
5595,0
5596,0
5597,0
5598,0
5599,118.79
5600,439.86
5601,992
5602,776.69
5603,749.09
5604,435.86
5605,593.65
5606,844.39
5607,982.09
5608,792.04
5609,687.49
5610,225.52
5611,30.42
5612,0
5613,0
5614,0
5615,0
5616,0
5617,0
5618,0
5619,0
5620,0
5621,0
5622,0
5623,216
5624,803.77
5625,1344.23
5626,1648.6
5627,1769.02
5628,1776.78
5629,1147.91
5630,1038.09
5631,703.36
5632,691.05
5633,762.67
5634,215.47
5635,24.56
5636,0
5637,0
5638,0
5639,0
5640,0
5641,0
5642,0
5643,0
5644,0
5645,0
5646,0
5647,75.98
5648,151.08
5649,192.29
5650,282.87
5651,562.57
5652,1012.56
5653,1372.85
5654,1372.49
5655,1613.44
5656,1180.12
5657,713.71
5658,220.19
5659,25.81
5660,0
5661,0
5662,0
5663,0
5664,0
5665,0
5666,0
5667,0
5668,0
5669,0
5670,0
5671,147.85
5672,641.51
5673,645.43
5674,873.26
5675,725.47
5676,1929.57
5677,2125.83
5678,1950.93
5679,1658.87
5680,1295.05
5681,773.82
5682,206.17
5683,22.69
5684,0
5685,0
5686,0
5687,0
5688,0
5689,0
5690,0
5691,0
5692,0
5693,0
5694,0
5695,147.99
5696,524.7
5697,1329.74
5698,1743.08
5699,2037.27
5700,2094.7
5701,2149.29
5702,1986.43
5703,1710.81
5704,1298.22
5705,755.36
5706,201.2
5707,19.82
5708,0
5709,0
5710,0
5711,0
5712,0
5713,0
5714,0
5715,0
5716,0
5717,0
5718,0
5719,221.93
5720,775.7
5721,1361.95
5722,1560.81
5723,1422.7
5724,1873.35
5725,1542.78
5726,1544.3
5727,1211.56
5728,871.64
5729,601.65
5730,196.54
5731,15.87
5732,0
5733,0
5734,0
5735,0
5736,0
5737,0
5738,0
5739,0
5740,0
5741,0
5742,0
5743,229.25
5744,822.78
5745,1375.89
5746,1670.52
5747,1601.02
5748,1747
5749,1713.55
5750,1118.08
5751,1094.86
5752,937.19
5753,648.49
5754,196.04
5755,11.73
5756,0
5757,0
5758,0
5759,0
5760,0
5761,0
5762,0
5763,0
5764,0
5765,0
5766,0
5767,105.85
5768,220.86
5769,478.31
5770,657.46
5771,403.87
5772,1437.63
5773,711.94
5774,747.93
5775,679.51
5776,216.05
5777,465.12
5778,189.14
5779,10.41
5780,0
5781,0
5782,0
5783,0
5784,0
5785,0
5786,0
5787,0
5788,0
5789,0
5790,0
5791,204.79
5792,716.94
5793,1134.28
5794,681.39
5795,374.06
5796,302.11
5797,654.62
5798,293.91
5799,584.73
5800,931.67
5801,501.66
5802,171.87
5803,4.25
5804,0
5805,0
5806,0
5807,0
5808,0
5809,0
5810,0
5811,0
5812,0
5813,0
5814,0
5815,108.39
5816,216.14
5817,400.03
5818,486.86
5819,1062.93
5820,2123.85
5821,1696.1
5822,1806.94
5823,1414.91
5824,1037.95
5825,730.19
5826,177.08
5827,4.17
5828,0
5829,0
5830,0
5831,0
5832,0
5833,0
5834,0
5835,0
5836,0
5837,0
5838,0
5839,212.05
5840,686
5841,1152.49
5842,1628.59
5843,2015.55
5844,2152.11
5845,2130.39
5846,1959.68
5847,1694.89
5848,1262.31
5849,731.29
5850,170.51
5851,3.04
5852,0
5853,0
5854,0
5855,0
5856,0
5857,0
5858,0
5859,0
5860,0
5861,0
5862,0
5863,189.69
5864,773.32
5865,1305.29
5866,1686.66
5867,1910.25
5868,2074.5
5869,1906.36
5870,897.63
5871,319.14
5872,383.45
5873,290.79
5874,141.26
5875,0
5876,0
5877,0
5878,0
5879,0
5880,0
5881,0
5882,0
5883,0
5884,0
5885,0
5886,0
5887,38.31
5888,437.35
5889,419.16
5890,734.24
5891,539.83
5892,1779.92
5893,1202.89
5894,978.45
5895,487.44
5896,116.67
5897,33.53
5898,56.86
5899,0
5900,0
5901,0
5902,0
5903,0
5904,0
5905,0
5906,0
5907,0
5908,0
5909,0
5910,0
5911,119.81
5912,488.8
5913,798
5914,1058.46
5915,1290.58
5916,1755.88
5917,1665.14
5918,1687.13
5919,662.68
5920,79.6
5921,72.59
5922,88.62
5923,0
5924,0
5925,0
5926,0
5927,0
5928,0
5929,0
5930,0
5931,0
5932,0
5933,0
5934,0
5935,199.41
5936,770.54
5937,1228.03
5938,1639.88
5939,1920.52
5940,2019
5941,1977.46
5942,1830.57
5943,1545.88
5944,1143.03
5945,624.84
5946,138.25
5947,0
5948,0
5949,0
5950,0
5951,0
5952,0
5953,0
5954,0
5955,0
5956,0
5957,0
5958,0
5959,197.23
5960,772.99
5961,1304.65
5962,1684.37
5963,1959.3
5964,2052
5965,2034.15
5966,1866.97
5967,1581.18
5968,1172.72
5969,646.7
5970,140.59
5971,0
5972,0
5973,0
5974,0
5975,0
5976,0
5977,0
5978,0
5979,0
5980,0
5981,0
5982,0
5983,195.9
5984,777.46
5985,1327.2
5986,1700.05
5987,1967.13
5988,2055.07
5989,2001.8
5990,1876.5
5991,1593.73
5992,1170.6
5993,643.14
5994,126.21
5995,0
5996,0
5997,0
5998,0
5999,0
6000,0
6001,0
6002,0
6003,0
6004,0
6005,0
6006,0
6007,183.02
6008,749.97
6009,1290.24
6010,1677.94
6011,1971.05
6012,2064.81
6013,2040.96
6014,1837.06
6015,1581.26
6016,1168.42
6017,455.7
6018,127.51
6019,0
6020,0
6021,0
6022,0
6023,0
6024,0
6025,0
6026,0
6027,0
6028,0
6029,0
6030,0
6031,68.42
6032,275.45
6033,398.38
6034,466.58
6035,184.89
6036,198.61
6037,279.37
6038,740.65
6039,878.31
6040,750.47
6041,424.18
6042,120.23
6043,0
6044,0
6045,0
6046,0
6047,0
6048,0
6049,0
6050,0
6051,0
6052,0
6053,0
6054,0
6055,83.02
6056,189.42
6057,171.12
6058,291.73
6059,1018.44
6060,1610.54
6061,831.31
6062,200.18
6063,1345.28
6064,816.99
6065,521.34
6066,117.63
6067,0
6068,0
6069,0
6070,0
6071,0
6072,0
6073,0
6074,0
6075,0
6076,0
6077,0
6078,0
6079,102.23
6080,742.55
6081,1175.84
6082,1673.97
6083,1781.22
6084,1956.7
6085,1753.68
6086,1258.28
6087,947.34
6088,1107.12
6089,483.72
6090,108.44
6091,0
6092,0
6093,0
6094,0
6095,0
6096,0
6097,0
6098,0
6099,0
6100,0
6101,0
6102,0
6103,187.87
6104,768.55
6105,1292.89
6106,1710.04
6107,1954.99
6108,2053.03
6109,1975.39
6110,1755.5
6111,1214.32
6112,947.87
6113,625
6114,105.46
6115,0
6116,0
6117,0
6118,0
6119,0
6120,0
6121,0
6122,0
6123,0
6124,0
6125,0
6126,0
6127,168.61
6128,765.18
6129,1284.92
6130,1703.83
6131,1895.18
6132,1868.33
6133,1876.86
6134,1839.32
6135,1538.84
6136,720.58
6137,448.53
6138,90.58
6139,0
6140,0
6141,0
6142,0
6143,0
6144,0
6145,0
6146,0
6147,0
6148,0
6149,0
6150,0
6151,53.3
6152,268
6153,710.09
6154,664.53
6155,1561.25
6156,1389.16
6157,149.01
6158,88.1
6159,71.62
6160,355.13
6161,165.1
6162,38.56
6163,0
6164,0
6165,0
6166,0
6167,0
6168,0
6169,0
6170,0
6171,0
6172,0
6173,0
6174,0
6175,13.19
6176,162.73
6177,374.37
6178,1610.05
6179,1408.29
6180,1893.22
6181,1126.47
6182,961.75
6183,394.87
6184,261.7
6185,23.63
6186,48.36
6187,0
6188,0
6189,0
6190,0
6191,0
6192,0
6193,0
6194,0
6195,0
6196,0
6197,0
6198,0
6199,173.94
6200,293.22
6201,280.94
6202,309.04
6203,1380.39
6204,1560.75
6205,1719.98
6206,90.86
6207,100.71
6208,357.67
6209,73.89
6210,6.27
6211,0
6212,0
6213,0
6214,0
6215,0
6216,0
6217,0
6218,0
6219,0
6220,0
6221,0
6222,0
6223,40.88
6224,201.65
6225,410.44
6226,509.8
6227,688.1
6228,1057.27
6229,1130.14
6230,338.9
6231,311.94
6232,541.51
6233,474.61
6234,74.77
6235,0
6236,0
6237,0
6238,0
6239,0
6240,0
6241,0
6242,0
6243,0
6244,0
6245,0
6246,0
6247,16.62
6248,447.01
6249,1249.56
6250,1655.72
6251,1777.44
6252,1750.81
6253,1937.3
6254,1622.85
6255,539.97
6256,167.67
6257,276
6258,73.2
6259,0
6260,0
6261,0
6262,0
6263,0
6264,0
6265,0
6266,0
6267,0
6268,0
6269,0
6270,0
6271,175.65
6272,380.85
6273,121.03
6274,104
6275,113.82
6276,335.42
6277,120.23
6278,247.27
6279,126.44
6280,128.12
6281,200.82
6282,15.07
6283,0
6284,0
6285,0
6286,0
6287,0
6288,0
6289,0
6290,0
6291,0
6292,0
6293,0
6294,0
6295,0
6296,274.26
6297,361.15
6298,360.24
6299,342.1
6300,672.36
6301,99.58
6302,900.26
6303,236.5
6304,469.95
6305,293.31
6306,37.98
6307,0
6308,0
6309,0
6310,0
6311,0
6312,0
6313,0
6314,0
6315,0
6316,0
6317,0
6318,0
6319,13.69
6320,436.41
6321,182.38
6322,139.6
6323,1170.07
6324,396.12
6325,412.56
6326,932.41
6327,747.55
6328,691.1
6329,566.24
6330,49.05
6331,0
6332,0
6333,0
6334,0
6335,0
6336,0
6337,0
6338,0
6339,0
6340,0
6341,0
6342,0
6343,42.06
6344,259.27
6345,364.24
6346,440.44
6347,529.89
6348,2076.49
6349,2103.62
6350,1935.81
6351,1640.63
6352,1159.92
6353,551.61
6354,45.21
6355,0
6356,0
6357,0
6358,0
6359,0
6360,0
6361,0
6362,0
6363,0
6364,0
6365,0
6366,0
6367,125.3
6368,783.56
6369,1378.84
6370,1764
6371,1996.72
6372,2071.3
6373,2029.12
6374,1875.72
6375,1577.92
6376,1124.84
6377,523.38
6378,41.15
6379,0
6380,0
6381,0
6382,0
6383,0
6384,0
6385,0
6386,0
6387,0
6388,0
6389,0
6390,0
6391,111.26
6392,765.57
6393,1317.76
6394,1715.81
6395,1961.34
6396,2035.33
6397,1971.33
6398,1804.71
6399,1512.04
6400,1061.94
6401,505.44
6402,27.27
6403,0
6404,0
6405,0
6406,0
6407,0
6408,0
6409,0
6410,0
6411,0
6412,0
6413,0
6414,0
6415,93.48
6416,727.65
6417,1170.32
6418,1292.89
6419,1759
6420,1205.37
6421,1444.69
6422,683.24
6423,824.94
6424,1013.22
6425,447.15
6426,25.64
6427,0
6428,0
6429,0
6430,0
6431,0
6432,0
6433,0
6434,0
6435,0
6436,0
6437,0
6438,0
6439,111.5
6440,711.86
6441,1344.7
6442,1637.18
6443,1804.98
6444,2059.46
6445,1691.47
6446,1277.49
6447,489.76
6448,493.71
6449,253.42
6450,22.94
6451,0
6452,0
6453,0
6454,0
6455,0
6456,0
6457,0
6458,0
6459,0
6460,0
6461,0
6462,0
6463,115.7
6464,694.66
6465,408.89
6466,564.25
6467,1037.4
6468,1077.81
6469,590.7
6470,907.93
6471,110.54
6472,1114.13
6473,231.54
6474,17.17
6475,0
6476,0
6477,0
6478,0
6479,0
6480,0
6481,0
6482,0
6483,0
6484,0
6485,0
6486,0
6487,48.93
6488,267.69
6489,1070.41
6490,1650.81
6491,1917.04
6492,2031.91
6493,1676.67
6494,1215.61
6495,700.21
6496,365.4
6497,169.02
6498,4.25
6499,0
6500,0
6501,0
6502,0
6503,0
6504,0
6505,0
6506,0
6507,0
6508,0
6509,0
6510,0
6511,98.09
6512,607.83
6513,489.18
6514,480.65
6515,318.5
6516,709.54
6517,693.48
6518,831.48
6519,1452.31
6520,563.54
6521,395.04
6522,10.52
6523,0
6524,0
6525,0
6526,0
6527,0
6528,0
6529,0
6530,0
6531,0
6532,0
6533,0
6534,0
6535,61.22
6536,750.64
6537,1306.72
6538,1764.55
6539,2035.22
6540,2091.83
6541,2023.63
6542,1881.96
6543,1567.51
6544,1092.55
6545,475.44
6546,9.22
6547,0
6548,0
6549,0
6550,0
6551,0
6552,0
6553,0
6554,0
6555,0
6556,0
6557,0
6558,0
6559,65.85
6560,744.29
6561,1313.18
6562,1725.47
6563,1854.03
6564,1920.44
6565,1504.37
6566,1508.75
6567,946.93
6568,390.68
6569,273.87
6570,2.13
6571,0
6572,0
6573,0
6574,0
6575,0
6576,0
6577,0
6578,0
6579,0
6580,0
6581,0
6582,0
6583,47.47
6584,432.71
6585,990.07
6586,1570.61
6587,1620.04
6588,1806.34
6589,1881.66
6590,1539
6591,764.71
6592,483.86
6593,38.89
6594,0
6595,0
6596,0
6597,0
6598,0
6599,0
6600,0
6601,0
6602,0
6603,0
6604,0
6605,0
6606,0
6607,1.66
6608,188.65
6609,667.89
6610,99.42
6611,129.86
6612,348.26
6613,85.12
6614,75.71
6615,56.77
6616,72.26
6617,28.07
6618,0
6619,0
6620,0
6621,0
6622,0
6623,0
6624,0
6625,0
6626,0
6627,0
6628,0
6629,0
6630,0
6631,5.38
6632,114.9
6633,812.54
6634,487.33
6635,1749.48
6636,1806.12
6637,1180.87
6638,776.19
6639,494.1
6640,366.91
6641,161.93
6642,0
6643,0
6644,0
6645,0
6646,0
6647,0
6648,0
6649,0
6650,0
6651,0
6652,0
6653,0
6654,0
6655,0.8
6656,35.63
6657,346.3
6658,223.23
6659,557.52
6660,191.96
6661,970.72
6662,696.04
6663,700.93
6664,33.09
6665,38.53
6666,0
6667,0
6668,0
6669,0
6670,0
6671,0
6672,0
6673,0
6674,0
6675,0
6676,0
6677,0
6678,0
6679,35
6680,719.92
6681,1241.42
6682,1762.78
6683,1950.33
6684,1839.18
6685,791.51
6686,1035.58
6687,1224.14
6688,935.67
6689,399.54
6690,0
6691,0
6692,0
6693,0
6694,0
6695,0
6696,0
6697,0
6698,0
6699,0
6700,0
6701,0
6702,0
6703,9.99
6704,640.35
6705,1173.25
6706,1757.87
6707,1517.09
6708,431.97
6709,1640.88
6710,481.65
6711,393.99
6712,415.93
6713,51.86
6714,0
6715,0
6716,0
6717,0
6718,0
6719,0
6720,0
6721,0
6722,0
6723,0
6724,0
6725,0
6726,0
6727,0
6728,209.98
6729,332.58
6730,224.88
6731,202.23
6732,233.39
6733,0
6734,274.56
6735,228.72
6736,220.05
6737,95.74
6738,0
6739,0
6740,0
6741,0
6742,0
6743,0
6744,0
6745,0
6746,0
6747,0
6748,0
6749,0
6750,0
6751,0
6752,138.55
6753,167.75
6754,126.99
6755,190.33
6756,311.08
6757,249.37
6758,701.59
6759,426.83
6760,566.74
6761,175.48
6762,0
6763,0
6764,0
6765,0
6766,0
6767,0
6768,0
6769,0
6770,0
6771,0
6772,0
6773,0
6774,0
6775,0
6776,415.63
6777,620.34
6778,840.2
6779,1728.89
6780,2098.79
6781,2037.68
6782,1838.3
6783,1465.39
6784,1006.05
6785,327.17
6786,0
6787,0
6788,0
6789,0
6790,0
6791,0
6792,0
6793,0
6794,0
6795,0
6796,0
6797,0
6798,0
6799,0
6800,638.77
6801,1250.58
6802,1734.49
6803,2050.35
6804,0
6805,2079.77
6806,1849.72
6807,1490.87
6808,639.22
6809,370.12
6810,0
6811,0
6812,0
6813,0
6814,0
6815,0
6816,0
6817,0
6818,0
6819,0
6820,0
6821,0
6822,0
6823,0
6824,92.46
6825,287.26
6826,644.05
6827,1961.2
6828,0
6829,1676.7
6830,1435.86
6831,1153.62
6832,595.28
6833,219.14
6834,0
6835,0
6836,0
6837,0
6838,0
6839,0
6840,0
6841,0
6842,0
6843,0
6844,0
6845,0
6846,0
6847,0
6848,166.62
6849,521.75
6850,244.92
6851,737.58
6852,991.86
6853,715.34
6854,915.49
6855,1135.74
6856,774.35
6857,306.66
6858,0
6859,0
6860,0
6861,0
6862,0
6863,0
6864,0
6865,0
6866,0
6867,0
6868,0
6869,0
6870,0
6871,0
6872,677.91
6873,1274.57
6874,1756.3
6875,2064.37
6876,2038.65
6877,1984.16
6878,1793.97
6879,1448.64
6880,927.3
6881,311.25
6882,0
6883,0
6884,0
6885,0
6886,0
6887,0
6888,0
6889,0
6890,0
6891,0
6892,0
6893,0
6894,0
6895,0
6896,623.1
6897,875.14
6898,1732.53
6899,955.82
6900,1776.42
6901,1868.88
6902,1475.28
6903,1361.48
6904,970.83
6905,300.04
6906,0
6907,0
6908,0
6909,0
6910,0
6911,0
6912,0
6913,0
6914,0
6915,0
6916,0
6917,0
6918,0
6919,0
6920,636.01
6921,1230.49
6922,1674.46
6923,1957.64
6924,1962.19
6925,1925.35
6926,1725.41
6927,1415.58
6928,881.41
6929,275.31
6930,0
6931,0
6932,0
6933,0
6934,0
6935,0
6936,0
6937,0
6938,0
6939,0
6940,0
6941,0
6942,0
6943,0
6944,607.64
6945,1207.89
6946,1697.54
6947,1961.73
6948,1974.97
6949,1915.38
6950,1699
6951,1422.48
6952,840.23
6953,174.96
6954,0
6955,0
6956,0
6957,0
6958,0
6959,0
6960,0
6961,0
6962,0
6963,0
6964,0
6965,0
6966,0
6967,0
6968,334.26
6969,1000.83
6970,1576.13
6971,1413.31
6972,1740.57
6973,1490.34
6974,1402.55
6975,315.3
6976,703.14
6977,290.02
6978,0
6979,0
6980,0
6981,0
6982,0
6983,0
6984,0
6985,0
6986,0
6987,0
6988,0
6989,0
6990,0
6991,0
6992,498.15
6993,775.84
6994,1659.53
6995,1851.3
6996,1909.62
6997,1832.2
6998,1656.86
6999,1378.98
7000,799.88
7001,273.6
7002,0
7003,0
7004,0
7005,0
7006,0
7007,0
7008,0
7009,0
7010,0
7011,0
7012,0
7013,0
7014,0
7015,0
7016,26.16
7017,429.29
7018,92.43
7019,377.18
7020,1042.04
7021,1343.65
7022,1364.6
7023,665.88
7024,105.74
7025,44.02
7026,0
7027,0
7028,0
7029,0
7030,0
7031,0
7032,0
7033,0
7034,0
7035,0
7036,0
7037,0
7038,0
7039,0
7040,434.23
7041,283.81
7042,342.85
7043,1679.46
7044,1905.2
7045,1829.27
7046,1499.56
7047,939.28
7048,775.67
7049,152.05
7050,0
7051,0
7052,0
7053,0
7054,0
7055,0
7056,0
7057,0
7058,0
7059,0
7060,0
7061,0
7062,0
7063,0
7064,98.09
7065,182.08
7066,219.48
7067,1747.11
7068,1784.51
7069,1821.79
7070,1602.35
7071,1165.77
7072,836.5
7073,218.34
7074,0
7075,0
7076,0
7077,0
7078,0
7079,0
7080,0
7081,0
7082,0
7083,0
7084,0
7085,0
7086,0
7087,0
7088,559.59
7089,1248.35
7090,1714.29
7091,2022.56
7092,2086.86
7093,2023.36
7094,1785.31
7095,1421.01
7096,864.07
7097,204.21
7098,0
7099,0
7100,0
7101,0
7102,0
7103,0
7104,0
7105,0
7106,0
7107,0
7108,0
7109,0
7110,0
7111,0
7112,587.25
7113,1241.75
7114,1681.83
7115,1986.54
7116,2033.46
7117,1995.45
7118,1760.77
7119,1386.4
7120,838.35
7121,197.59
7122,0
7123,0
7124,0
7125,0
7126,0
7127,0
7128,0
7129,0
7130,0
7131,0
7132,0
7133,0
7134,0
7135,0
7136,494.12
7137,1143.5
7138,1610.29
7139,1908.87
7140,1951.18
7141,363.57
7142,490.67
7143,150.23
7144,441.08
7145,31.3
7146,0
7147,0
7148,0
7149,0
7150,0
7151,0
7152,0
7153,0
7154,0
7155,0
7156,0
7157,0
7158,0
7159,0
7160,253.17
7161,161.21
7162,305.61
7163,1753.62
7164,1575.1
7165,1197.62
7166,1336.36
7167,679.79
7168,694.39
7169,168
7170,0
7171,0
7172,0
7173,0
7174,0
7175,0
7176,0
7177,0
7178,0
7179,0
7180,0
7181,0
7182,0
7183,0
7184,155.33
7185,399.54
7186,1441.49
7187,1913.7
7188,1967.8
7189,1913.29
7190,1656
7191,1291.1
7192,795.79
7193,23.54
7194,0
7195,0
7196,0
7197,0
7198,0
7199,0
7200,0
7201,0
7202,0
7203,0
7204,0
7205,0
7206,0
7207,0
7208,259.99
7209,1235.43
7210,1217.82
7211,1218.46
7212,2051.04
7213,1962.97
7214,1725.88
7215,1325.52
7216,793.39
7217,23.4
7218,0
7219,0
7220,0
7221,0
7222,0
7223,0
7224,0
7225,0
7226,0
7227,0
7228,0
7229,0
7230,0
7231,0
7232,114.65
7233,144.32
7234,1016.84
7235,739.62
7236,1652.11
7237,1764.5
7238,787.15
7239,1211.25
7240,376.77
7241,21.94
7242,0
7243,0
7244,0
7245,0
7246,0
7247,0
7248,0
7249,0
7250,0
7251,0
7252,0
7253,0
7254,0
7255,0
7256,78.25
7257,456.89
7258,1040.91
7259,1238.36
7260,803.3
7261,505.08
7262,644.74
7263,333.3
7264,187.76
7265,17.31
7266,0
7267,0
7268,0
7269,0
7270,0
7271,0
7272,0
7273,0
7274,0
7275,0
7276,0
7277,0
7278,0
7279,0
7280,168.03
7281,828.28
7282,1494.84
7283,1757.68
7284,1914.25
7285,1450.16
7286,1448.39
7287,1159.64
7288,151.52
7289,13
7290,0
7291,0
7292,0
7293,0
7294,0
7295,0
7296,0
7297,0
7298,0
7299,0
7300,0
7301,0
7302,0
7303,0
7304,5.41
7305,75.54
7306,99.47
7307,1855.55
7308,2067.57
7309,2033.82
7310,1693.34
7311,1285.91
7312,129.66
7313,4.47
7314,0
7315,0
7316,0
7317,0
7318,0
7319,0
7320,0
7321,0
7322,0
7323,0
7324,0
7325,0
7326,0
7327,0
7328,378.81
7329,1198.5
7330,1586.34
7331,1760.49
7332,871.03
7333,216.85
7334,905.69
7335,97.4
7336,151.17
7337,0
7338,0
7339,0
7340,0
7341,0
7342,0
7343,0
7344,0
7345,0
7346,0
7347,0
7348,0
7349,0
7350,0
7351,0
7352,519.96
7353,1009.77
7354,1288.09
7355,1333.14
7356,462.71
7357,636.87
7358,417.97
7359,128.37
7360,216.27
7361,8.34
7362,0
7363,0
7364,0
7365,0
7366,0
7367,0
7368,0
7369,0
7370,0
7371,0
7372,0
7373,0
7374,0
7375,0
7376,111.39
7377,135.65
7378,239.84
7379,874.56
7380,1247.11
7381,654.73
7382,1590.95
7383,60.75
7384,170.26
7385,0
7386,0
7387,0
7388,0
7389,0
7390,0
7391,0
7392,0
7393,0
7394,0
7395,0
7396,0
7397,0
7398,0
7399,0
7400,0.91
7401,266.2
7402,236.75
7403,190.91
7404,163.7
7405,106.01
7406,187.29
7407,55.2
7408,410.14
7409,0
7410,0
7411,0
7412,0
7413,0
7414,0
7415,0
7416,0
7417,0
7418,0
7419,0
7420,0
7421,0
7422,0
7423,0
7424,53.54
7425,297.31
7426,96.85
7427,301.25
7428,417.97
7429,527.3
7430,1591.61
7431,1301.67
7432,786.63
7433,2.4
7434,0
7435,0
7436,0
7437,0
7438,0
7439,0
7440,0
7441,0
7442,0
7443,0
7444,0
7445,0
7446,0
7447,0
7448,246.08
7449,261.32
7450,90.14
7451,434.89
7452,679.98
7453,700.21
7454,863
7455,115.12
7456,34.22
7457,0
7458,0
7459,0
7460,0
7461,0
7462,0
7463,0
7464,0
7465,0
7466,0
7467,0
7468,0
7469,0
7470,0
7471,0
7472,63.84
7473,284.97
7474,665.19
7475,422.47
7476,728.14
7477,502.04
7478,680.2
7479,291.73
7480,460.37
7481,0
7482,0
7483,0
7484,0
7485,0
7486,0
7487,0
7488,0
7489,0
7490,0
7491,0
7492,0
7493,0
7494,0
7495,0
7496,272.66
7497,786.3
7498,578.3
7499,675.18
7500,998.95
7501,729.66
7502,284.94
7503,461.47
7504,417.01
7505,0
7506,0
7507,0
7508,0
7509,0
7510,0
7511,0
7512,0
7513,0
7514,0
7515,0
7516,0
7517,0
7518,0
7519,0
7520,293.22
7521,1061.55
7522,1584.13
7523,1138.86
7524,1097.38
7525,244.26
7526,672.17
7527,728.14
7528,246.11
7529,0
7530,0
7531,0
7532,0
7533,0
7534,0
7535,0
7536,0
7537,0
7538,0
7539,0
7540,0
7541,0
7542,0
7543,0
7544,94.45
7545,699.55
7546,1541.74
7547,1711.09
7548,668.64
7549,416.9
7550,153.32
7551,727.81
7552,215.31
7553,0
7554,0
7555,0
7556,0
7557,0
7558,0
7559,0
7560,0
7561,0
7562,0
7563,0
7564,0
7565,0
7566,0
7567,0
7568,210.92
7569,1002.35
7570,1478.48
7571,1809.76
7572,1924.74
7573,1843.68
7574,1601.71
7575,1219.31
7576,689.25
7577,0
7578,0
7579,0
7580,0
7581,0
7582,0
7583,0
7584,0
7585,0
7586,0
7587,0
7588,0
7589,0
7590,0
7591,0
7592,24.54
7593,61.52
7594,561.19
7595,346.74
7596,131.54
7597,1003.98
7598,135.02
7599,168.66
7600,210.28
7601,0
7602,0
7603,0
7604,0
7605,0
7606,0
7607,0
7608,0
7609,0
7610,0
7611,0
7612,0
7613,0
7614,0
7615,0
7616,8.22
7617,206.12
7618,91.05
7619,291.81
7620,164.39
7621,64.36
7622,794.11
7623,96.63
7624,99.69
7625,0
7626,0
7627,0
7628,0
7629,0
7630,0
7631,0
7632,0
7633,0
7634,0
7635,0
7636,0
7637,0
7638,0
7639,0
7640,3.09
7641,17.42
7642,59.26
7643,99.8
7644,112.11
7645,161.07
7646,86.86
7647,47.31
7648,17.25
7649,0
7650,0
7651,0
7652,0
7653,0
7654,0
7655,0
7656,0
7657,0
7658,0
7659,0
7660,0
7661,0
7662,0
7663,0
7664,0
7665,102.59
7666,91.94
7667,205.81
7668,168.11
7669,144.04
7670,118.16
7671,68.72
7672,80.37
7673,0
7674,0
7675,0
7676,0
7677,0
7678,0
7679,0
7680,0
7681,0
7682,0
7683,0
7684,0
7685,0
7686,0
7687,0
7688,0
7689,82.55
7690,58.1
7691,98.78
7692,178.32
7693,430.06
7694,410.47
7695,243.38
7696,192.76
7697,0
7698,0
7699,0
7700,0
7701,0
7702,0
7703,0
7704,0
7705,0
7706,0
7707,0
7708,0
7709,0
7710,0
7711,0
7712,0.44
7713,190.27
7714,270.87
7715,280.61
7716,1399.21
7717,851.93
7718,333.46
7719,594.31
7720,162.01
7721,0
7722,0
7723,0
7724,0
7725,0
7726,0
7727,0
7728,0
7729,0
7730,0
7731,0
7732,0
7733,0
7734,0
7735,0
7736,0
7737,464.15
7738,1020.37
7739,1852.46
7740,2028.02
7741,1935.15
7742,1715.42
7743,1272.03
7744,651.53
7745,0
7746,0
7747,0
7748,0
7749,0
7750,0
7751,0
7752,0
7753,0
7754,0
7755,0
7756,0
7757,0
7758,0
7759,0
7760,0
7761,738.66
7762,948.12
7763,1649.29
7764,1935.28
7765,1866.17
7766,1608.17
7767,1237.2
7768,682.82
7769,0
7770,0
7771,0
7772,0
7773,0
7774,0
7775,0
7776,0
7777,0
7778,0
7779,0
7780,0
7781,0
7782,0
7783,0
7784,0
7785,445.16
7786,219.01
7787,118.4
7788,395.37
7789,310.47
7790,543.55
7791,179.04
7792,82.77
7793,0
7794,0
7795,0
7796,0
7797,0
7798,0
7799,0
7800,0
7801,0
7802,0
7803,0
7804,0
7805,0
7806,0
7807,0
7808,0
7809,68.61
7810,170.04
7811,131.62
7812,88.82
7813,76.29
7814,103.25
7815,65.96
7816,22.63
7817,0
7818,0
7819,0
7820,0
7821,0
7822,0
7823,0
7824,0
7825,0
7826,0
7827,0
7828,0
7829,0
7830,0
7831,0
7832,0
7833,92.13
7834,120.31
7835,349.86
7836,316.38
7837,398.13
7838,277.05
7839,42.09
7840,80.54
7841,0
7842,0
7843,0
7844,0
7845,0
7846,0
7847,0
7848,0
7849,0
7850,0
7851,0
7852,0
7853,0
7854,0
7855,0
7856,0
7857,190.55
7858,1422.15
7859,1530.5
7860,1778.65
7861,1394.57
7862,1699.36
7863,564.2
7864,350.58
7865,0
7866,0
7867,0
7868,0
7869,0
7870,0
7871,0
7872,0
7873,0
7874,0
7875,0
7876,0
7877,0
7878,0
7879,0
7880,0
7881,83.85
7882,174.65
7883,375.88
7884,332.17
7885,183.6
7886,146.75
7887,116.86
7888,3.12
7889,0
7890,0
7891,0
7892,0
7893,0
7894,0
7895,0
7896,0
7897,0
7898,0
7899,0
7900,0
7901,0
7902,0
7903,0
7904,0
7905,53.21
7906,238.99
7907,240.18
7908,383.39
7909,450.82
7910,137.48
7911,630.91
7912,222.81
7913,0
7914,0
7915,0
7916,0
7917,0
7918,0
7919,0
7920,0
7921,0
7922,0
7923,0
7924,0
7925,0
7926,0
7927,0
7928,0
7929,991.64
7930,453.27
7931,1591.77
7932,1324.77
7933,219.25
7934,161.29
7935,493.07
7936,8.45
7937,0
7938,0
7939,0
7940,0
7941,0
7942,0
7943,0
7944,0
7945,0
7946,0
7947,0
7948,0
7949,0
7950,0
7951,0
7952,0
7953,5.8
7954,113.33
7955,89.76
7956,50.95
7957,342.07
7958,134.88
7959,35.6
7960,347.65
7961,0
7962,0
7963,0
7964,0
7965,0
7966,0
7967,0
7968,0
7969,0
7970,0
7971,0
7972,0
7973,0
7974,0
7975,0
7976,0
7977,464.23
7978,162.51
7979,290.99
7980,118.21
7981,177.72
7982,83.6
7983,47.14
7984,49.18
7985,0
7986,0
7987,0
7988,0
7989,0
7990,0
7991,0
7992,0
7993,0
7994,0
7995,0
7996,0
7997,0
7998,0
7999,0
8000,0
8001,641.2
8002,859.93
8003,1878.73
8004,1670.74
8005,1302.47
8006,841.66
8007,667.29
8008,234.63
8009,0
8010,0
8011,0
8012,0
8013,0
8014,0
8015,0
8016,0
8017,0
8018,0
8019,0
8020,0
8021,0
8022,0
8023,0
8024,0
8025,12.81
8026,83.77
8027,316.74
8028,304.7
8029,274.54
8030,135.52
8031,868.49
8032,72.53
8033,0
8034,0
8035,0
8036,0
8037,0
8038,0
8039,0
8040,0
8041,0
8042,0
8043,0
8044,0
8045,0
8046,0
8047,0
8048,0
8049,252.29
8050,503.76
8051,125.33
8052,162.98
8053,403.26
8054,884.36
8055,676.01
8056,299.05
8057,0
8058,0
8059,0
8060,0
8061,0
8062,0
8063,0
8064,0
8065,0
8066,0
8067,0
8068,0
8069,0
8070,0
8071,0
8072,0
8073,86.77
8074,821.38
8075,1097.85
8076,1448.37
8077,1365.98
8078,652.38
8079,336.91
8080,156.08
8081,0
8082,0
8083,0
8084,0
8085,0
8086,0
8087,0
8088,0
8089,0
8090,0
8091,0
8092,0
8093,0
8094,0
8095,0
8096,0
8097,13.94
8098,178.41
8099,157.57
8100,626.49
8101,1765.27
8102,1437.66
8103,1100.03
8104,40.08
8105,0
8106,0
8107,0
8108,0
8109,0
8110,0
8111,0
8112,0
8113,0
8114,0
8115,0
8116,0
8117,0
8118,0
8119,0
8120,0
8121,444.42
8122,875.83
8123,413.01
8124,1099.86
8125,781.83
8126,393.41
8127,283.4
8128,17.72
8129,0
8130,0
8131,0
8132,0
8133,0
8134,0
8135,0
8136,0
8137,0
8138,0
8139,0
8140,0
8141,0
8142,0
8143,0
8144,0
8145,209.48
8146,180.37
8147,603.81
8148,362.39
8149,609.46
8150,618.07
8151,466.22
8152,523.85
8153,0
8154,0
8155,0
8156,0
8157,0
8158,0
8159,0
8160,0
8161,0
8162,0
8163,0
8164,0
8165,0
8166,0
8167,0
8168,0
8169,666.84
8170,642.36
8171,1237.67
8172,1147.33
8173,310.78
8174,282.32
8175,512.37
8176,53.43
8177,0
8178,0
8179,0
8180,0
8181,0
8182,0
8183,0
8184,0
8185,0
8186,0
8187,0
8188,0
8189,0
8190,0
8191,0
8192,0
8193,235.18
8194,1125.09
8195,615.92
8196,183.07
8197,512.89
8198,285.27
8199,849.22
8200,389.1
8201,0
8202,0
8203,0
8204,0
8205,0
8206,0
8207,0
8208,0
8209,0
8210,0
8211,0
8212,0
8213,0
8214,0
8215,0
8216,0
8217,690.83
8218,1425.13
8219,1848.65
8220,1847.41
8221,1913.34
8222,1174.02
8223,769.18
8224,299.9
8225,0
8226,0
8227,0
8228,0
8229,0
8230,0
8231,0
8232,0
8233,0
8234,0
8235,0
8236,0
8237,0
8238,0
8239,0
8240,0
8241,11.32
8242,283.37
8243,901.31
8244,416.07
8245,1034.23
8246,1577.59
8247,134.36
8248,267.03
8249,0
8250,0
8251,0
8252,0
8253,0
8254,0
8255,0
8256,0
8257,0
8258,0
8259,0
8260,0
8261,0
8262,0
8263,0
8264,0
8265,377.15
8266,724.83
8267,1319.03
8268,1030.36
8269,633.34
8270,378.67
8271,1302.86
8272,617.33
8273,0
8274,0
8275,0
8276,0
8277,0
8278,0
8279,0
8280,0
8281,0
8282,0
8283,0
8284,0
8285,0
8286,0
8287,0
8288,0
8289,222.68
8290,1218.04
8291,1349.12
8292,1873.79
8293,1784.26
8294,1502.21
8295,1159.06
8296,552.77
8297,0
8298,0
8299,0
8300,0
8301,0
8302,0
8303,0
8304,0
8305,0
8306,0
8307,0
8308,0
8309,0
8310,0
8311,0
8312,0
8313,734.08
8314,1383.92
8315,1778.19
8316,1895.95
8317,1770.95
8318,1533.1
8319,1148.35
8320,619.29
8321,0
8322,0
8323,0
8324,0
8325,0
8326,0
8327,0
8328,0
8329,0
8330,0
8331,0
8332,0
8333,0
8334,0
8335,0
8336,0
8337,709.76
8338,1372.8
8339,1719.15
8340,1856.9
8341,1767.39
8342,1548.86
8343,1163.7
8344,566.19
8345,0
8346,0
8347,0
8348,0
8349,0
8350,0
8351,0
8352,0
8353,0
8354,0
8355,0
8356,0
8357,0
8358,0
8359,0
8360,0
8361,367.58
8362,447.87
8363,460.56
8364,499.15
8365,381.57
8366,136.21
8367,199.02
8368,298.69
8369,0
8370,0
8371,0
8372,0
8373,0
8374,0
8375,0
8376,0
8377,0
8378,0
8379,0
8380,0
8381,0
8382,0
8383,0
8384,0
8385,71.93
8386,152.1
8387,143.38
8388,164.08
8389,165.19
8390,198.06
8391,127.04
8392,100.19
8393,0
8394,0
8395,0
8396,0
8397,0
8398,0
8399,0
8400,0
8401,0
8402,0
8403,0
8404,0
8405,0
8406,0
8407,0
8408,0
8409,239.82
8410,360.73
8411,784.25
8412,1824.91
8413,1822.46
8414,1605.74
8415,1239.57
8416,657.9
8417,0
8418,0
8419,0
8420,0
8421,0
8422,0
8423,0
8424,0
8425,0
8426,0
8427,0
8428,0
8429,0
8430,0
8431,0
8432,0
8433,124.89
8434,166.01
8435,185.53
8436,233.8
8437,177.94
8438,132.67
8439,99.33
8440,87.93
8441,0
8442,0
8443,0
8444,0
8445,0
8446,0
8447,0
8448,0
8449,0
8450,0
8451,0
8452,0
8453,0
8454,0
8455,0
8456,0
8457,123.04
8458,182.24
8459,194.94
8460,229.25
8461,179.48
8462,159.94
8463,115.75
8464,87.6
8465,0
8466,0
8467,0
8468,0
8469,0
8470,0
8471,0
8472,0
8473,0
8474,0
8475,0
8476,0
8477,0
8478,0
8479,0
8480,0
8481,68.67
8482,88.73
8483,106.62
8484,116.14
8485,158.42
8486,121.5
8487,59.67
8488,71.24
8489,0
8490,0
8491,0
8492,0
8493,0
8494,0
8495,0
8496,0
8497,0
8498,0
8499,0
8500,0
8501,0
8502,0
8503,0
8504,0
8505,180.75
8506,353.28
8507,777.82
8508,1591.94
8509,1425.37
8510,994.23
8511,748.65
8512,517.91
8513,0
8514,0
8515,0
8516,0
8517,0
8518,0
8519,0
8520,0
8521,0
8522,0
8523,0
8524,0
8525,0
8526,0
8527,0
8528,0
8529,333.79
8530,974.61
8531,1713.41
8532,1871.67
8533,1892.04
8534,1616.92
8535,1275.06
8536,555.37
8537,0
8538,0
8539,0
8540,0
8541,0
8542,0
8543,0
8544,0
8545,0
8546,0
8547,0
8548,0
8549,0
8550,0
8551,0
8552,0
8553,644.79
8554,1304.68
8555,1678.22
8556,1834.93
8557,1803.63
8558,1564.06
8559,1213.19
8560,699.83
8561,0
8562,0
8563,0
8564,0
8565,0
8566,0
8567,0
8568,0
8569,0
8570,0
8571,0
8572,0
8573,0
8574,0
8575,0
8576,0
8577,268.6
8578,842.57
8579,1722.16
8580,583.49
8581,115.84
8582,483.69
8583,762.48
8584,268.33
8585,0
8586,0
8587,0
8588,0
8589,0
8590,0
8591,0
8592,0
8593,0
8594,0
8595,0
8596,0
8597,0
8598,0
8599,0
8600,0
8601,538.2
8602,496.66
8603,961.67
8604,445.38
8605,240.87
8606,179.4
8607,91.27
8608,466.55
8609,0
8610,0
8611,0
8612,0
8613,0
8614,0
8615,0
8616,0
8617,0
8618,0
8619,0
8620,0
8621,0
8622,0
8623,0
8624,0
8625,9.77
8626,43.86
8627,1489.9
8628,323.22
8629,144.49
8630,1181.36
8631,98.28
8632,725.49
8633,0
8634,0
8635,0
8636,0
8637,0
8638,0
8639,0
8640,0
8641,0
8642,0
8643,0
8644,0
8645,0
8646,0
8647,0
8648,0
8649,77.22
8650,70.63
8651,142.94
8652,280.11
8653,525.42
8654,868.24
8655,26.91
8656,1.85
8657,0
8658,0
8659,0
8660,0
8661,0
8662,0
8663,0
8664,0
8665,0
8666,0
8667,0
8668,0
8669,0
8670,0
8671,0
8672,0
8673,23.38
8674,44.55
8675,26.69
8676,35.41
8677,35.41
8678,28.37
8679,16.92
8680,1.85
8681,0
8682,0
8683,0
8684,0
8685,0
8686,0
8687,0
8688,0
8689,0
8690,0
8691,0
8692,0
8693,0
8694,0
8695,0
8696,0
8697,18.46
8698,112.3
8699,59.62
8700,33.62
8701,248.21
8702,402.79
8703,55.37
8704,57.1
8705,0
8706,0
8707,0
8708,0
8709,0
8710,0
8711,0
8712,0
8713,0
8714,0
8715,0
8716,0
8717,0
8718,0
8719,0
8720,0
8721,409.61
8722,979.74
8723,614.46
8724,427.72
8725,719.86
8726,621.69
8727,224.06
8728,255.74
8729,0
8730,0
8731,0
8732,0
8733,0
8734,0
8735,0
8736,0
8737,0
8738,0
8739,0
8740,0
8741,0
8742,0
8743,0
8744,0
8745,621.22
8746,1260.38
8747,1660.8
8748,1833.03
8749,1829.85
8750,1605.3
8751,1206.98
8752,691.19
8753,0
8754,0
8755,0
8756,0
8757,0
8758,0
8759,0
8760,0